ticket,time,date,hour,symbol,dir,comment,signal_type,lot,pos_mult,entry,initial_sl,tp,exit,reason,exit_signal,risk,r,duration_min,mods,max_lock_r,bounce_sec,bounce_ob,confirm_pos,touch,confirm,close_time,stage,ob_age,strength,score,ds,fresh,cont,h1,deep,htf,risk_atr,spread_risk,peak_r,raw_peak_r,dtp_peak_r,giveback_r,bars_held,last_sl,be,trail,partial,dtp_partial,rev,addon,pnl_proxy
2,2026-04-26 22:19:30,2026-04-26,22,XAUUSDm,sell,WT V11XAU S x1.8,ob,0.03,,4688.234,4689.751,4685.776,4687.402,MARKET_CLOSE,market_close,1.5169999999998254,0.5484508899145883,0.717,0,,16,0.189,-0.944,4688.851,4688.542,2026-04-26 22:20:13,,,,,,,,,,,,,,,,,,,,,,,,,0.02496000000001004
3,2026-04-26 22:20:02,2026-04-26,22,XAUUSDm,sell,WT V11XAU S x1.8,ob,0.01,,4688.325,4689.377,4685.867,4687.789,MARKET_CLOSE,market_close,1.0520000000005894,0.5095057034218231,0.133,0,,2,0.218,-1.0,4688.99,4688.633,2026-04-26 22:20:10,,,,,,,,,,,,,,,,,,,,,,,,,0.005360000000000582
6,2026-05-01 02:00:01,2026-05-01,2,XAUUSDm,buy,WT V11XAU B x0.9,ob,0.02,,4620.719,4619.366,4622.284,4622.297,TP,tp,1.3530000000000655,1.1662971175162182,2.133,0,,1,0.328,-0.367,4620.069,4620.411,2026-05-01 02:02:09,,,,,,,,,,,,,,,,,,,,,,,,,0.031559999999990394
7,2026-05-01 02:01:03,2026-05-01,2,XAUUSDm,buy,WT V11XAU B x0.6,ob,0.01,,4620.617,4619.348,4622.182,4622.232,TP,tp,1.2690000000002328,1.2726556343573565,1.1,0,,3,0.223,-0.465,4620.076,4620.309,2026-05-01 02:02:09,,,,,,,,,,,,,,,,,,,,,,,,,0.01614999999999782
10,2026-05-01 02:50:19,2026-05-01,2,XAUUSDm,buy,WT V11XAU B x0.9,ob,0.03,,4620.109,4619.222,4621.674,4620.553,MARKET_CLOSE,market_close,0.8870000000006257,0.5005636978570372,0.033,0,,1,0.198,-0.925,4619.623,4619.829,2026-05-01 02:50:21,,,,,,,,,,,,,,,,,,,,,,,,,0.013319999999985156
12,2026-05-01 02:51:05,2026-05-01,2,XAUUSDm,buy,WT V11XAU B x0.6,ob,0.01,,4620.412,4619.236,4621.977,4619.166,SL,sl,1.1760000000003856,-1.0595238095235424,1.667,0,,5,0.195,-0.662,4619.901,4620.104,2026-05-01 02:52:45,,,,,,,,,,,,,,,,,,,,,,,,,-0.012460000000000946
13,2026-05-01 02:52:03,2026-05-01,2,XAUUSDm,buy,WT V11XAU B x0.6,ob,0.01,,4620.553,4619.268,4622.118,4619.166,SL,sl,1.2849999999998545,-1.0793774319065161,0.7,0,,2,0.227,-0.526,4620.008,4620.245,2026-05-01 02:52:45,,,,,,,,,,,,,,,,,,,,,,,,,-0.013869999999997162
16,2026-05-01 02:54:02,2026-05-01,2,XAUUSDm,buy,WT V11XAU B x0.9,ob,0.01,,4620.63,4619.202,4622.195,4619.18,SL,sl,1.4279999999998836,-1.0154061624649413,0.5,0,,1,0.329,-0.453,4619.979,4620.322,2026-05-01 02:54:32,,,,,,,,,,,,,,,,,,,,,,,,,-0.014499999999998181
18,2026-05-01 02:55:02,2026-05-01,2,XAUUSDm,buy,WT V11XAU B x0.9,ob,0.03,,4620.133,4619.198,4621.698,4619.154,SL,sl,0.9349999999994907,-1.0470588235292972,0.533,0,,2,0.182,-0.929,4619.635,4619.825,2026-05-01 02:55:34,,,,,,,,,,,,,,,,,,,,,,,,,-0.02936999999998079
20,2026-05-01 02:56:57,2026-05-01,2,XAUUSDm,buy,WT V11XAU B x0.9,ob,0.02,,4617.443,4616.263,4618.859,4618.955,TP,tp,1.180000000000291,1.2813559322028334,1.967,0,,1,0.264,-0.528,4616.914,4617.163,2026-05-01 02:58:55,,,,,,,,,,,,,,,,,,,,,,,,,0.030239999999994327
21,2026-05-01 02:57:11,2026-05-01,2,XAUUSDm,buy,WT V11XAU B x0.9,ob,0.02,,4617.532,4616.199,4618.948,4618.955,TP,tp,1.3330000000005384,1.0675168792192045,1.733,0,,2,0.294,-0.463,4616.946,4617.224,2026-05-01 02:58:55,,,,,,,,,,,,,,,,,,,,,,,,,0.02845999999999549
24,2026-05-01 03:03:03,2026-05-01,3,XAUUSDm,buy,WT V11XAU B x0.9,ob,0.02,,4620.67,4619.284,4622.235,4619.275,SL,sl,1.386000000000422,-1.006493506493515,0.4,0,,3,0.302,-0.387,4620.075,4620.39,2026-05-01 03:03:27,,,,,,,,,,,,,,,,,,,,,,,,,-0.02790000000000873
26,2026-05-01 03:11:02,2026-05-01,3,XAUUSDm,buy,WT V11XAU B x0.9,ob,0.03,,4620.229,4619.338,4621.794,4619.31,SL,sl,0.8910000000005311,-1.0314253647579363,1.433,0,,2,0.208,-0.837,4619.704,4619.921,2026-05-01 03:12:28,,,,,,,,,,,,,,,,,,,,,,,,,-0.02756999999999607
27,2026-05-01 03:12:02,2026-05-01,3,XAUUSDm,buy,WT V11XAU B x0.9,ob,0.01,,4620.258,4619.378,4621.823,4619.373,SL,sl,0.8800000000001091,-1.0056818181819416,0.433,0,,2,0.189,-0.809,4619.753,4619.95,2026-05-01 03:12:28,,,,,,,,,,,,,,,,,,,,,,,,,-0.008850000000002183
30,2026-05-01 04:08:56,2026-05-01,4,XAUUSDm,buy,WT V11XAU B x2.4,ob,0.04,,4620.239,4619.345,4622.921,4620.56,SL,sl,0.8939999999993233,0.3590604026857552,0.083,0,,0,0.243,-0.801,4619.706,4619.959,2026-05-01 04:09:01,,,,,,,,,,,,,,,,,,,,,,,,,0.012840000000032888
32,2026-05-01 04:26:46,2026-05-01,4,XAUUSDm,buy,WT V11XAU B x1.7,ob,0.04,,4620.279,4619.228,4621.844,4619.116,SL,sl,1.0510000000003856,-1.1065651760228725,0.617,0,,2,0.28,-0.789,4619.679,4619.971,2026-05-01 04:27:23,,,,,,,,,,,,,,,,,,,,,,,,,-0.04652000000001863
34,2026-05-01 04:30:14,2026-05-01,4,XAUUSDm,buy,WT V11XAU B x1.2,ob,0.03,,4617.369,4616.219,4618.785,4616.2,SL,sl,1.1499999999996362,-1.0165217391306425,0.017,0,,1,0.231,-0.636,4616.843,4617.061,2026-05-01 04:30:15,,,,,,,,,,,,,,,,,,,,,,,,,-0.03506999999999607
36,2026-05-01 05:49:01,2026-05-01,5,XAUUSDm,buy,WT V11XAU B x0.6,ob,0.02,,4613.05,4612.251,4614.057,4612.962,MARKET_CLOSE,market_close,0.7989999999999782,-0.11013767208978782,0.483,0,,1,0.255,-1.054,4612.571,4612.742,2026-05-01 05:49:30,,,,,,,,,,,,,,,,,,,,,,,,,-0.0017599999999947614
38,2026-05-01 07:04:57,2026-05-01,7,XAUUSDm,buy,WT V11XAU B x0.6,ob,0.01,,4593.046,4591.823,4594.711,4592.904,MARKET_CLOSE,market_close,1.2229999999999563,-0.11610793131629636,0.567,0,,1,0.254,-0.699,4592.456,4592.738,2026-05-01 07:05:31,,,,,,,,,,,,,,,,,,,,,,,,,-0.0014199999999982538
39,2026-05-01 07:05:00,2026-05-01,7,XAUUSDm,buy,WT V11XAU B x0.9,ob,0.02,,4593.035,4591.873,4594.7,4592.904,MARKET_CLOSE,market_close,1.162000000000262,-0.11273666092889315,0.517,0,,0,0.334,-0.709,4592.356,4592.727,2026-05-01 07:05:31,,,,,,,,,,,,,,,,,,,,,,,,,-0.0026199999999880676
42,2026-05-01 07:07:01,2026-05-01,7,XAUUSDm,buy,WT V11XAU B x0.9,ob,0.03,,4592.743,4591.833,4594.408,4594.489,TP,tp,0.910000000000764,1.9186813186788123,0.1,0,,1,0.235,-0.972,4592.174,4592.435,2026-05-01 07:07:07,,,,,,,,,,,,,,,,,,,,,,,,,0.05237999999997555
44,2026-05-01 07:08:54,2026-05-01,7,XAUUSDm,buy,WT V11XAU B x0.6,ob,0.01,,4593.077,4591.785,4594.742,4591.735,SL,sl,1.292000000000371,-1.0386996904026065,0.017,0,,0,0.197,-0.646,4592.578,4592.797,2026-05-01 07:08:55,,,,,,,,,,,,,,,,,,,,,,,,,-0.01342000000000553
46,2026-05-01 07:09:01,2026-05-01,7,XAUUSDm,buy,WT V11XAU B x0.9,ob,0.01,,4593.111,4591.751,4594.776,4592.956,MARKET_CLOSE,market_close,1.3599999999996726,-0.11397058823513431,1.15,0,,1,0.327,-0.641,4592.44,4592.803,2026-05-01 07:10:10,,,,,,,,,,,,,,,,,,,,,,,,,-0.0015499999999974534
48,2026-05-01 07:10:10,2026-05-01,7,XAUUSDm,buy,WT V11XAU B x0.6,ob,0.01,,4593.25,4591.749,4594.915,4593.036,MARKET_CLOSE,market_close,1.5010000000002037,-0.1425716189206614,0.433,0,,0,0.192,-0.515,4592.729,4592.942,2026-05-01 07:10:36,,,,,,,,,,,,,,,,,,,,,,,,,-0.002139999999999418
50,2026-05-01 07:21:39,2026-05-01,7,XAUUSDm,buy,WT V11XAU B x0.9,ob,0.02,,4592.833,4591.751,4594.498,4591.713,SL,sl,1.0819999999994252,-1.0351201478747558,0.017,0,,1,0.221,-0.891,4592.28,4592.525,2026-05-01 07:21:40,,,,,,,,,,,,,,,,,,,,,,,,,-0.022399999999997817
52,2026-05-01 11:17:09,2026-05-01,11,XAUUSDm,sell,WT V11XAU S x1.2,ob,0.04,,4568.745,4569.644,4567.86,4569.807,SL,sl,0.899000000000342,-1.1813125695211282,0.433,0,,0,0.236,-0.827,4569.164,4569.025,2026-05-01 11:17:35,,,,,,,,,,,,,,,,,,,,,,,,,-0.042479999999995924
54,2026-05-03 22:38:16,2026-05-03,22,XAUUSDm,sell,WT V11XAU S x1.8,ob,0.03,,4625.718,4627.472,4620.455,4627.515,SL,sl,1.7539999999999054,-1.024515393386874,1.933,0,,0,0.238,-0.452,4626.243,4626.026,2026-05-03 22:40:12,,,,,,,,,,,,,,,,,,,,,,,,,-0.053910000000014405
55,2026-05-03 22:40:05,2026-05-03,22,XAUUSDm,sell,WT V11XAU S x2.6,ob,0.01,,4625.615,4626.986,4621.501,4627.068,SL,sl,1.3710000000000946,-1.0598103574035953,0.083,0,,1,0.332,-0.339,4626.225,4625.923,2026-05-03 22:40:10,,,,,,,,,,,,,,,,,,,,,,,,,-0.014530000000004293
58,2026-05-03 22:50:01,2026-05-03,22,XAUUSDm,sell,WT V11XAU S x2.4,ob,0.03,,4626.176,4626.942,4623.879,4626.99,SL,sl,0.7659999999996217,-1.0626631853783266,0.917,0,,1,0.203,-0.924,4626.641,4626.456,2026-05-03 22:50:56,,,,,,,,,,,,,,,,,,,,,,,,,-0.024419999999981883
60,2026-05-04 01:00:02,2026-05-04,1,XAUUSDm,sell,WT V11XAU S x1.8,ob,0.03,,4613.004,4614.204,4611.089,4614.207,SL,sl,1.199999999999818,-1.0025000000005098,0.4,0,,2,0.257,-0.68,4613.64,4613.312,2026-05-04 01:00:26,,,,,,,,,,,,,,,,,,,,,,,,,-0.036090000000012876
62,2026-05-04 03:05:33,2026-05-04,3,XAUUSDm,sell,WT V11XAU S x1.8,ob,0.03,,4605.971,4607.549,4603.417,4607.562,SL,sl,1.5780000000004293,-1.0082382762990598,1.767,0,,1,0.191,-0.605,4606.604,4606.279,2026-05-04 03:07:19,,,,,,,,,,,,,,,,,,,,,,,,,-0.04773000000001047
64,2026-05-04 03:12:00,2026-05-04,3,XAUUSDm,sell,WT V11XAU S x1.8,ob,0.03,,4606.494,4607.528,4603.94,4607.563,SL,sl,1.0340000000005602,-1.0338491295936514,0.217,0,,0,0.182,-0.913,4607.112,4606.802,2026-05-04 03:12:13,,,,,,,,,,,,,,,,,,,,,,,,,-0.03207000000001244
66,2026-05-04 03:36:01,2026-05-04,3,XAUUSDm,sell,WT V11XAU S x2.4,ob,0.03,,4606.135,4607.412,4602.304,4607.472,SL,sl,1.2770000000000437,-1.0469851213778298,0.133,0,,1,0.213,-0.702,4606.806,4606.443,2026-05-04 03:36:09,,,,,,,,,,,,,,,,,,,,,,,,,-0.04010999999998603
68,2026-05-04 03:37:05,2026-05-04,3,XAUUSDm,sell,WT V11XAU S x2.4,ob,0.03,,4605.808,4607.413,4600.993,4605.27,SL,sl,1.6049999999995634,0.33520249221165266,0.917,0,,2,0.184,-0.493,4606.401,4606.088,2026-05-04 03:38:00,,,,,,,,,,,,,,,,,,,,,,,,,0.016139999999986686
70,2026-05-04 03:45:02,2026-05-04,3,XAUUSDm,sell,WT V11XAU S x2.4,ob,0.03,,4606.518,4607.433,4603.774,4607.52,SL,sl,0.9149999999999636,-1.0950819672136036,0.017,0,,1,0.189,-0.91,4607.12,4606.798,2026-05-04 03:45:03,,,,,,,,,,,,,,,,,,,,,,,,,-0.030060000000012223
72,2026-05-04 03:46:27,2026-05-04,3,XAUUSDm,sell,WT V11XAU S x1.8,ob,0.03,,4612.382,4613.521,4608.966,4611.975,SL,sl,1.1390000000001237,0.3573309920976287,0.117,0,,1,0.184,-0.563,4612.865,4612.662,2026-05-04 03:46:34,,,,,,,,,,,,,,,,,,,,,,,,,0.012209999999977298
74,2026-05-04 03:47:05,2026-05-04,3,XAUUSDm,sell,WT V11XAU S x1.8,ob,0.03,,4612.424,4613.855,4608.131,4611.935,SL,sl,1.4309999999995853,0.3417190775679383,0.117,0,,0,0.238,-0.627,4612.994,4612.732,2026-05-04 03:47:12,,,,,,,,,,,,,,,,,,,,,,,,,0.014669999999987339
76,2026-05-04 03:48:32,2026-05-04,3,XAUUSDm,sell,WT V11XAU S x1.8,ob,0.03,,4612.257,4613.877,4607.397,4611.669,SL,sl,1.6200000000008004,0.3629629629626219,0.783,0,,0,0.232,-0.475,4612.82,4612.565,2026-05-04 03:49:19,,,,,,,,,,,,,,,,,,,,,,,,,0.01763999999999214
78,2026-05-04 03:51:20,2026-05-04,3,XAUUSDm,sell,WT V11XAU S x2.6,ob,0.03,,4612.417,4613.951,4607.816,4611.844,SL,sl,1.5339999999996508,0.3735332464148961,0.267,0,,2,0.312,-0.62,4613.068,4612.725,2026-05-04 03:51:36,,,,,,,,,,,,,,,,,,,,,,,,,0.017190000000009604
80,2026-05-04 03:52:01,2026-05-04,3,XAUUSDm,sell,WT V11XAU S x2.6,ob,0.03,,4612.459,4613.976,4607.908,4614.021,SL,sl,1.5169999999998254,-1.0296638101516664,1.567,0,,0,0.282,-0.658,4613.077,4612.767,2026-05-04 03:53:35,,,,,,,,,,,,,,,,,,,,,,,,,-0.046859999999996946
82,2026-05-04 03:54:01,2026-05-04,3,XAUUSDm,sell,WT V11XAU S x1.8,ob,0.03,,4612.804,4613.928,4609.433,4613.991,SL,sl,1.1239999999997963,-1.0560498220641577,0.717,0,,1,0.211,-0.946,4613.316,4613.084,2026-05-04 03:54:44,,,,,,,,,,,,,,,,,,,,,,,,,-0.03560999999999694
84,2026-05-04 03:57:01,2026-05-04,3,XAUUSDm,sell,WT V11XAU S x1.8,ob,0.03,,4612.339,4613.87,4607.746,4614.007,SL,sl,1.530999999999949,-1.0894839973871462,0.767,0,,0,0.221,-0.55,4612.89,4612.647,2026-05-04 03:57:47,,,,,,,,,,,,,,,,,,,,,,,,,-0.05003999999998996
86,2026-05-04 04:56:16,2026-05-04,4,XAUUSDm,sell,WT V11XAU S x1.6,ob,0.03,,4605.966,4607.339,4603.412,4607.352,SL,sl,1.3729999999995925,-1.0094683175527486,1.683,0,,3,0.209,-0.586,4606.602,4606.246,2026-05-04 04:57:57,,,,,,,,,,,,,,,,,,,,,,,,,-0.04157999999998537
88,2026-05-04 04:59:06,2026-05-04,4,XAUUSDm,sell,WT V11XAU S x1.6,ob,0.03,,4606.266,4607.345,4603.712,4607.39,SL,sl,1.079000000000633,-1.041705282669181,0.617,0,,6,0.24,-0.779,4606.982,4606.574,2026-05-04 04:59:43,,,,,,,,,,,,,,,,,,,,,,,,,-0.03372000000002117
90,2026-05-04 05:00:00,2026-05-04,5,XAUUSDm,sell,WT V11XAU S x1.8,ob,0.01,,4605.755,4607.358,4603.201,4605.138,SL,sl,1.6030000000000655,0.3849033063007885,3.317,0,,0,0.235,-0.462,4606.435,4606.035,2026-05-04 05:03:19,,,,,,,,,,,,,,,,,,,,,,,,,0.006170000000001892
91,2026-05-04 05:01:09,2026-05-04,5,XAUUSDm,sell,WT V11XAU S x1.8,ob,0.02,,4605.947,4607.379,4603.393,4605.376,SL,sl,1.431999999999789,0.3987430167597743,3.467,0,,1,0.198,-0.591,4606.593,4606.255,2026-05-04 05:04:37,,,,,,,,,,,,,,,,,,,,,,,,,0.011419999999998254
94,2026-05-04 05:06:31,2026-05-04,5,XAUUSDm,sell,WT V11XAU S x1.8,ob,0.03,,4605.988,4607.385,4603.434,4605.444,SL,sl,1.3969999999999345,0.38940586972075486,3.133,0,,2,0.216,-0.615,4606.664,4606.296,2026-05-04 05:09:39,,,,,,,,,,,,,,,,,,,,,,,,,0.01631999999999607
96,2026-05-04 05:09:48,2026-05-04,5,XAUUSDm,sell,WT V11XAU S x1.8,ob,0.03,,4605.916,4607.414,4603.362,4606.068,MARKET_CLOSE,market_close,1.4979999999995925,-0.10146862483316756,1.417,0,,5,0.183,-0.557,4606.507,4606.196,2026-05-04 05:11:13,,,,,,,,,,,,,,,,,,,,,,,,,-0.0045600000000013095
98,2026-05-04 05:12:06,2026-05-04,5,XAUUSDm,sell,WT V11XAU S x1.8,ob,0.03,,4605.932,4607.425,4603.378,4603.321,TP,tp,1.493000000000393,1.7488278633618146,0.9,0,,4,0.231,-0.583,4606.634,4606.24,2026-05-04 05:13:00,,,,,,,,,,,,,,,,,,,,,,,,,0.07832999999999629
100,2026-05-04 05:19:04,2026-05-04,5,XAUUSDm,sell,WT V11XAU S x1.8,ob,0.01,,4605.758,4607.439,4603.204,4607.453,SL,sl,1.6810000000004948,-1.0083283759667576,0.033,0,,0,0.212,-0.464,4606.399,4606.038,2026-05-04 05:19:06,,,,,,,,,,,,,,,,,,,,,,,,,-0.016950000000006186
102,2026-05-04 08:50:10,2026-05-04,8,XAUUSDm,buy,WT V11XAU B x0.6,ob,0.01,,4576.912,4575.515,4578.678,4577.677,MARKET_CLOSE,market_close,1.3969999999999345,0.5476020042945267,0.2,0,,0,0.203,-0.538,4576.393,4576.632,2026-05-04 08:50:22,,,,,,,,,,,,,,,,,,,,,,,,,0.00764999999999418
104,2026-05-04 08:58:55,2026-05-04,8,XAUUSDm,buy,WT V11XAU B x0.9,ob,0.01,,4576.772,4575.607,4578.538,4577.208,SL,sl,1.1649999999999636,0.374248927038376,2.1,0,,1,0.35,-0.681,4576.052,4576.464,2026-05-04 09:01:01,,,,,,,,,,,,,,,,,,,,,,,,,0.0043599999999969444
105,2026-05-04 08:59:01,2026-05-04,8,XAUUSDm,buy,WT V11XAU B x0.6,ob,0.01,,4577.111,4575.638,4578.877,4576.906,MARKET_CLOSE,market_close,1.4729999999999563,-0.1391717583163159,2.133,0,,1,0.345,-0.393,4576.397,4576.803,2026-05-04 09:01:09,,,,,,,,,,,,,,,,,,,,,,,,,-0.0020499999999992725
106,2026-05-04 09:00:02,2026-05-04,9,XAUUSDm,buy,WT V11XAU B x0.9,ob,0.01,,4576.738,4575.631,4578.504,4577.131,SL,sl,1.106999999999971,0.355013550135537,1.117,0,,2,0.212,-0.709,4576.18,4576.43,2026-05-04 09:01:09,,,,,,,,,,,,,,,,,,,,,,,,,0.003930000000000291
110,2026-05-04 09:01:14,2026-05-04,9,XAUUSDm,buy,WT V11XAU B x0.6,ob,0.01,,4576.886,4575.615,4578.652,4578.832,TP,tp,1.2710000000006403,1.5310778914232355,0.833,0,,4,0.182,-0.584,4576.364,4576.578,2026-05-04 09:02:04,,,,,,,,,,,,,,,,,,,,,,,,,0.019459999999999127
112,2026-05-04 13:50:13,2026-05-04,13,XAUUSDm,buy,WT V11XAU B x1.3,ob,0.01,,4559.108,4556.733,4566.233,4561.529,MARKET_CLOSE,market_close,2.375,1.019368421052748,0.75,0,,4,0.185,-0.623,4558.273,4558.8,2026-05-04 13:50:58,,,,,,,,,,,,,,,,,,,,,,,,,0.024210000000002764
114,2026-05-04 13:53:15,2026-05-04,13,XAUUSDm,buy,WT V11XAU B x1.3,ob,0.01,,4558.92,4556.644,4565.749,4559.765,SL,sl,2.27599999999984,0.37126537785602554,0.667,0,,1,0.181,-0.689,4558.097,4558.612,2026-05-04 13:53:55,,,,,,,,,,,,,,,,,,,,,,,,,0.008450000000002547
116,2026-05-04 14:05:06,2026-05-04,14,XAUUSDm,buy,WT V11XAU B x2.1,ob,0.02,,4558.645,4556.637,4564.669,4559.309,SL,sl,2.0080000000007203,0.33067729083641517,0.3,0,,3,0.187,-0.785,4557.804,4558.337,2026-05-04 14:05:24,,,,,,,,,,,,,,,,,,,,,,,,,0.013279999999995198
118,2026-05-04 14:06:02,2026-05-04,14,XAUUSDm,buy,WT V11XAU B x2.1,ob,0.02,,4559.516,4556.763,4567.776,4560.558,SL,sl,2.7529999999997017,0.3784961859791079,2.267,0,,0,0.194,-0.48,4558.656,4559.208,2026-05-04 14:08:18,,,,,,,,,,,,,,,,,,,,,,,,,0.020840000000007422
119,2026-05-04 14:07:03,2026-05-04,14,XAUUSDm,buy,WT V11XAU B x2.1,ob,0.01,,4559.357,4556.817,4566.976,4560.236,SL,sl,2.5399999999999636,0.346062992125952,1.25,0,,3,0.227,-0.526,4558.431,4559.077,2026-05-04 14:08:18,,,,,,,,,,,,,,,,,,,,,,,,,0.008789999999999054
122,2026-05-04 14:09:01,2026-05-04,14,XAUUSDm,buy,WT V11XAU B x2.1,ob,0.02,,4559.467,4556.829,4567.381,4556.777,SL,sl,2.63799999999992,-1.0197119029566646,0.217,0,,0,0.189,-0.528,4558.533,4559.071,2026-05-04 14:09:14,,,,,,,,,,,,,,,,,,,,,,,,,-0.053799999999992
124,2026-05-04 15:00:03,2026-05-04,15,XAUUSDm,buy,WT V11XAU B x2.1,ob,0.02,,4559.155,4556.673,4566.601,4556.67,SL,sl,2.481999999999971,-1.0012087026590257,0.117,0,,0,0.193,-0.597,4558.324,4558.875,2026-05-04 15:00:10,,,,,,,,,,,,,,,,,,,,,,,,,-0.04969999999999345
126,2026-05-04 15:03:26,2026-05-04,15,XAUUSDm,buy,WT V11XAU B x2.1,ob,0.02,,4559.346,4556.682,4567.339,4560.334,SL,sl,2.66399999999976,0.37087087087101084,0.1,0,,1,0.188,-0.539,4558.502,4559.038,2026-05-04 15:03:32,,,,,,,,,,,,,,,,,,,,,,,,,0.019760000000005676
128,2026-05-04 15:06:05,2026-05-04,15,XAUUSDm,buy,WT V11XAU B x2.1,ob,0.02,,4559.377,4556.632,4567.611,4560.474,SL,sl,2.7450000000008004,0.3996357012748389,0.7,0,,0,0.182,-0.529,4558.549,4559.069,2026-05-04 15:06:47,,,,,,,,,,,,,,,,,,,,,,,,,0.021939999999995054
130,2026-05-04 15:07:35,2026-05-04,15,XAUUSDm,buy,WT V11XAU B x1.6,ob,0.01,,4559.504,4556.588,4568.251,4556.521,SL,sl,2.9160000000001673,-1.022976680384089,1.367,0,,0,0.213,-0.484,4558.59,4559.196,2026-05-04 15:08:57,,,,,,,,,,,,,,,,,,,,,,,,,-0.029830000000001747
131,2026-05-04 15:08:06,2026-05-04,15,XAUUSDm,buy,WT V11XAU B x2.1,ob,0.02,,4558.604,4556.57,4564.707,4556.521,SL,sl,2.0340000000005602,-1.024090462143542,0.85,0,,6,0.206,-0.8,4557.708,4558.296,2026-05-04 15:08:57,,,,,,,,,,,,,,,,,,,,,,,,,-0.04166000000001077
134,2026-05-04 15:10:09,2026-05-04,15,XAUUSDm,buy,WT V11XAU B x2.1,ob,0.03,,4558.072,4556.616,4562.439,4558.593,SL,sl,1.456000000000131,0.35782967032945323,0.6,0,,9,0.206,-0.986,4557.176,4557.764,2026-05-04 15:10:45,,,,,,,,,,,,,,,,,,,,,,,,,0.015629999999991925
136,2026-05-04 15:11:09,2026-05-04,15,XAUUSDm,buy,WT V11XAU B x2.1,ob,0.02,,4559.442,4556.638,4567.853,4556.611,SL,sl,2.8040000000000873,-1.0096291012838954,0.783,0,,2,0.199,-0.506,4558.566,4559.134,2026-05-04 15:11:56,,,,,,,,,,,,,,,,,,,,,,,,,-0.05662000000000262
138,2026-05-04 15:51:24,2026-05-04,15,XAUUSDm,buy,WT V11XAU B x1.6,ob,0.01,,4519.808,4515.851,4531.68,4515.355,SL,sl,3.9570000000003347,-1.1253474854688028,0.083,0,,1,0.232,-0.678,4518.69,4519.5,2026-05-04 15:51:29,,,,,,,,,,,,,,,,,,,,,,,,,-0.044530000000004295
140,2026-05-04 15:52:01,2026-05-04,15,XAUUSDm,buy,WT V11XAU B x2.1,ob,0.03,,4518.081,4517.152,4520.867,4516.872,SL,sl,0.9290000000000873,-1.3013993541439386,0.017,0,,1,0.239,-1.164,4516.966,4517.801,2026-05-04 15:52:02,,,,,,,,,,,,,,,,,,,,,,,,,-0.03626999999999498
142,2026-05-04 15:53:05,2026-05-04,15,XAUUSDm,buy,WT V11XAU B x2.1,ob,0.02,,4520.411,4516.986,4530.687,4521.781,SL,sl,3.425000000000182,0.3999999999999469,0.133,0,,1,0.186,-0.505,4519.453,4520.103,2026-05-04 15:53:13,,,,,,,,,,,,,,,,,,,,,,,,,0.02739999999999782
144,2026-05-04 16:01:28,2026-05-04,16,XAUUSDm,buy,WT V11XAU B x1.3,ob,0.01,,4520.308,4516.82,4530.773,4516.775,SL,sl,3.4880000000002838,-1.0129013761468089,0.583,0,,1,0.209,-0.535,4519.271,4520.0,2026-05-04 16:02:03,,,,,,,,,,,,,,,,,,,,,,,,,-0.03533000000000357
146,2026-05-04 16:02:07,2026-05-04,16,XAUUSDm,buy,WT V11XAU B x1.3,ob,0.02,,4517.596,4516.626,4520.506,4517.947,SL,sl,0.9699999999993452,0.36185567010392217,0.15,0,,7,0.206,-1.303,4516.595,4517.316,2026-05-04 16:02:16,,,,,,,,,,,,,,,,,,,,,,,,,0.0070200000000113505
148,2026-05-04 16:03:34,2026-05-04,16,XAUUSDm,buy,WT V11XAU B x1.3,ob,0.01,,4519.06,4516.627,4526.36,4519.893,SL,sl,2.4329999999999927,0.3423756678995608,1.8,0,,9,0.182,-0.892,4518.118,4518.752,2026-05-04 16:05:22,,,,,,,,,,,,,,,,,,,,,,,,,0.00832999999999629
149,2026-05-04 16:04:04,2026-05-04,16,XAUUSDm,buy,WT V11XAU B x1.3,ob,0.01,,4519.339,4516.628,4527.472,4520.192,SL,sl,2.71100000000024,0.31464404278863517,1.15,0,,4,0.189,-0.804,4518.4,4519.059,2026-05-04 16:05:13,,,,,,,,,,,,,,,,,,,,,,,,,0.008530000000000655
152,2026-05-04 16:05:45,2026-05-04,16,XAUUSDm,buy,WT V11XAU B x1.3,ob,0.01,,4519.506,4516.782,4527.677,4520.516,SL,sl,2.72400000000016,0.3707782672537626,1.567,0,,1,0.183,-0.764,4518.559,4519.198,2026-05-04 16:07:19,,,,,,,,,,,,,,,,,,,,,,,,,0.010099999999993088
154,2026-05-04 16:07:25,2026-05-04,16,XAUUSDm,buy,WT V11XAU B x1.3,ob,0.01,,4519.861,4516.951,4528.59,4516.929,SL,sl,2.9099999999998545,-1.0075601374570224,0.417,0,,1,0.196,-0.663,4518.869,4519.553,2026-05-04 16:07:50,,,,,,,,,,,,,,,,,,,,,,,,,-0.02931999999999789
156,2026-05-04 16:31:00,2026-05-04,16,XAUUSDm,buy,WT V11XAU B x1.3,ob,0.03,,4518.092,4517.175,4520.843,4518.406,SL,sl,0.9169999999994616,0.3424209378413195,0.05,0,,0,0.222,-1.169,4517.009,4517.784,2026-05-04 16:31:03,,,,,,,,,,,,,,,,,,,,,,,,,0.009420000000009168
158,2026-05-04 16:35:01,2026-05-04,16,XAUUSDm,buy,WT V11XAU B x1.3,ob,0.02,,4518.729,4517.379,4522.779,4517.34,SL,sl,1.3500000000003638,-1.0288888888887033,0.167,0,,1,0.194,-0.979,4517.773,4518.449,2026-05-04 16:35:11,,,,,,,,,,,,,,,,,,,,,,,,,-0.027780000000002473
160,2026-05-04 17:03:01,2026-05-04,17,XAUUSDm,buy,WT V11XAU B x0.9,ob,0.01,,4518.901,4517.508,4524.141,4519.442,SL,sl,1.393000000000029,0.388370423546415,0.15,0,,1,0.19,-0.93,4517.957,4518.621,2026-05-04 17:03:10,,,,,,,,,,,,,,,,,,,,,,,,,0.005410000000001674
162,2026-05-04 17:04:21,2026-05-04,17,XAUUSDm,buy,WT V11XAU B x0.9,ob,0.02,,4518.302,4517.503,4523.542,4518.169,MARKET_CLOSE,market_close,0.7989999999999782,-0.1664580725905062,0.167,0,,21,0.19,-1.109,4517.332,4517.994,2026-05-04 17:04:31,,,,,,,,,,,,,,,,,,,,,,,,,-0.0026599999999962166
164,2026-05-04 17:05:27,2026-05-04,17,XAUUSDm,sell,WT V11XAU S x1.2,ob,0.01,,4522.454,4524.041,4520.348,4524.06,SL,sl,1.5870000000004438,-1.0119722747323425,0.033,0,,3,0.244,-0.731,4523.105,4522.762,2026-05-04 17:05:29,,,,,,,,,,,,,,,,,,,,,,,,,-0.016060000000006767
166,2026-05-04 17:06:00,2026-05-04,17,XAUUSDm,sell,WT V11XAU S x1.8,ob,0.02,,4522.982,4523.992,4520.876,4524.014,SL,sl,1.0100000000002183,-1.0217821782177523,0.067,0,,0,0.207,-1.107,4523.58,4523.29,2026-05-04 17:06:04,,,,,,,,,,,,,,,,,,,,,,,,,-0.020640000000003055
168,2026-05-04 17:07:05,2026-05-04,17,XAUUSDm,sell,WT V11XAU S x2.6,ob,0.02,,4522.729,4524.041,4520.623,4524.102,SL,sl,1.3119999999998981,-1.0464939024387951,0.15,0,,3,0.274,-0.907,4523.393,4523.009,2026-05-04 17:07:14,,,,,,,,,,,,,,,,,,,,,,,,,-0.027459999999991852
170,2026-05-04 17:09:03,2026-05-04,17,XAUUSDm,sell,WT V11XAU S x1.2,ob,0.01,,4522.553,4524.058,4520.447,4524.082,SL,sl,1.5050000000001091,-1.0159468438540467,0.667,0,,3,0.254,-0.801,4523.217,4522.861,2026-05-04 17:09:43,,,,,,,,,,,,,,,,,,,,,,,,,-0.015290000000004512
172,2026-05-04 17:12:00,2026-05-04,17,XAUUSDm,sell,WT V11XAU S x1.8,ob,0.02,,4522.948,4524.119,4520.842,4524.199,SL,sl,1.170999999999367,-1.06831767719895,0.567,0,,0,0.229,-1.063,4523.549,4523.228,2026-05-04 17:12:34,,,,,,,,,,,,,,,,,,,,,,,,,-0.025019999999985887
174,2026-05-04 17:15:00,2026-05-04,17,XAUUSDm,sell,WT V11XAU S x1.2,ob,0.01,,4522.279,4524.028,4520.173,4524.061,SL,sl,1.7489999999997963,-1.018867924527988,1.667,0,,0,0.181,-0.606,4522.841,4522.587,2026-05-04 17:16:40,,,,,,,,,,,,,,,,,,,,,,,,,-0.017819999999992432
175,2026-05-04 17:16:10,2026-05-04,17,XAUUSDm,sell,WT V11XAU S x1.8,ob,0.01,,4523.116,4523.997,4521.01,4522.816,SL,sl,0.8810000000003129,0.34052213393879155,0.1,0,,10,0.226,-1.182,4523.714,4523.396,2026-05-04 17:16:16,,,,,,,,,,,,,,,,,,,,,,,,,0.003000000000001819
178,2026-05-04 17:29:03,2026-05-04,17,XAUUSDm,sell,WT V11XAU S x1.8,ob,0.02,,4523.179,4524.033,4521.073,4523.334,MARKET_CLOSE,market_close,0.8540000000002692,-0.18149882903945724,0.117,0,,2,0.226,-1.227,4523.777,4523.459,2026-05-04 17:29:10,,,,,,,,,,,,,,,,,,,,,,,,,-0.0030999999999949067
180,2026-05-04 17:37:00,2026-05-04,17,XAUUSDm,sell,WT V11XAU S x1.8,ob,0.02,,4522.79,4523.866,4520.684,4523.917,SL,sl,1.0760000000000218,-1.047397769517086,0.083,0,,0,0.208,-0.95,4523.362,4523.07,2026-05-04 17:37:05,,,,,,,,,,,,,,,,,,,,,,,,,-0.02254000000000815
182,2026-05-04 17:38:05,2026-05-04,17,XAUUSDm,sell,WT V11XAU S x1.8,ob,0.02,,4522.694,4523.848,4520.588,4523.883,SL,sl,1.1539999999995416,-1.0303292894279623,0.2,0,,5,0.214,-0.902,4523.303,4523.002,2026-05-04 17:38:17,,,,,,,,,,,,,,,,,,,,,,,,,-0.023779999999987922
184,2026-05-04 17:50:00,2026-05-04,17,XAUUSDm,sell,WT V11XAU S x1.8,ob,0.01,,4522.293,4523.617,4520.187,4523.653,SL,sl,1.3240000000005239,-1.0271903323263172,0.367,0,,0,0.229,-0.616,4522.922,4522.601,2026-05-04 17:50:22,,,,,,,,,,,,,,,,,,,,,,,,,-0.013600000000005821
186,2026-05-04 17:51:01,2026-05-04,17,XAUUSDm,sell,WT V11XAU S x1.8,ob,0.02,,4522.462,4523.596,4520.356,4523.632,SL,sl,1.133999999999105,-1.0317460317461082,0.433,0,,1,0.239,-0.717,4523.077,4522.742,2026-05-04 17:51:27,,,,,,,,,,,,,,,,,,,,,,,,,-0.023399999999983268
188,2026-05-04 17:55:00,2026-05-04,17,XAUUSDm,sell,WT V11XAU S x1.8,ob,0.02,,4522.831,4523.63,4520.725,4523.68,SL,sl,0.7989999999999782,-1.0625782227787024,0.183,0,,0,0.248,-0.979,4523.459,4523.111,2026-05-04 17:55:11,,,,,,,,,,,,,,,,,,,,,,,,,-0.0169800000000032
190,2026-05-04 17:57:03,2026-05-04,17,XAUUSDm,sell,WT V11XAU S x1.8,ob,0.01,,4522.322,4523.646,4520.216,4523.669,SL,sl,1.3239999999996144,-1.0173716012085687,0.75,0,,3,0.249,-0.617,4522.951,4522.602,2026-05-04 17:57:48,,,,,,,,,,,,,,,,,,,,,,,,,-0.013469999999997526
192,2026-05-04 17:58:03,2026-05-04,17,XAUUSDm,sell,WT V11XAU S x2.6,ob,0.02,,4522.487,4523.645,4520.381,4522.615,MARKET_CLOSE,market_close,1.1580000000003565,-0.11053540587190179,2.4,0,,3,0.281,-0.754,4523.189,4522.795,2026-05-04 18:00:27,,,,,,,,,,,,,,,,,,,,,,,,,-0.0025599999999940336
194,2026-05-04 18:01:00,2026-05-04,18,XAUUSDm,sell,WT V11XAU S x1.8,ob,0.01,,4522.104,4523.621,4517.554,4523.684,SL,sl,1.5169999999998254,-1.041529334212333,1.533,0,,0,0.194,-0.481,4522.684,4522.412,2026-05-04 18:02:32,,,,,,,,,,,,,,,,,,,,,,,,,-0.015799999999999273
195,2026-05-04 18:02:00,2026-05-04,18,XAUUSDm,sell,WT V11XAU S x1.8,ob,0.01,,4522.122,4523.623,4517.619,4523.684,SL,sl,1.5009999999992942,-1.0406395736180096,0.533,0,,0,0.222,-0.494,4522.741,4522.43,2026-05-04 18:02:32,,,,,,,,,,,,,,,,,,,,,,,,,-0.015619999999998982
198,2026-05-04 23:54:59,2026-05-04,23,XAUUSDm,sell,WT V11XAU S x1.0,ob,0.01,,4519.138,4520.378,4518.007,4520.385,SL,sl,1.2399999999997817,-1.0056451612907402,1.6,0,,2,0.519,-0.218,4519.837,4519.446,2026-05-04 23:56:35,,,,,,,,,,,,,,,,,,,,,,,,,-0.012470000000002984
200,2026-05-05 00:15:03,2026-05-05,0,XAUUSDm,buy,WT V11XAU B x1.6,ob,0.02,,4525.961,4525.095,4527.55,4525.078,SL,sl,0.8659999999999854,-1.0196304849882514,0.05,0,,1,0.207,-1.021,4525.462,4525.681,2026-05-05 00:15:06,,,,,,,,,,,,,,,,,,,,,,,,,-0.017659999999996217
202,2026-05-05 00:22:01,2026-05-05,0,XAUUSDm,sell,WT V11XAU S x1.0,ob,0.02,,4519.541,4520.637,4518.41,4518.322,TP,tp,1.095999999999549,1.1122262773727671,0.367,0,,1,0.381,-0.715,4520.108,4519.821,2026-05-05 00:22:23,,,,,,,,,,,,,,,,,,,,,,,,,0.02438000000000102
204,2026-05-05 00:24:01,2026-05-05,0,XAUUSDm,buy,WT V11XAU B x1.0,ob,0.02,,4517.189,4516.168,4518.107,4517.822,MARKET_CLOSE,market_close,1.0210000000006403,0.6199804113608363,0.017,0,,0,0.43,-0.562,4516.646,4516.909,2026-05-05 00:24:02,,,,,,,,,,,,,,,,,,,,,,,,,0.012659999999996216
206,2026-05-05 00:25:37,2026-05-05,0,XAUUSDm,sell,WT V11XAU S x1.5,ob,0.02,,4519.593,4520.644,4518.462,4518.442,TP,tp,1.0510000000003856,1.0951474785912632,1.117,0,,2,0.314,-0.821,4520.138,4519.901,2026-05-05 00:26:44,,,,,,,,,,,,,,,,,,,,,,,,,0.0230199999999968
208,2026-05-05 00:26:53,2026-05-05,0,XAUUSDm,buy,WT V11XAU B x1.0,ob,0.02,,4516.796,4516.002,4517.714,4515.852,SL,sl,0.793999999999869,-1.1889168765750258,0.233,0,,1,0.453,-1.25,4516.211,4516.488,2026-05-05 00:27:07,,,,,,,,,,,,,,,,,,,,,,,,,-0.018880000000008296
210,2026-05-05 00:30:05,2026-05-05,0,XAUUSDm,buy,WT V11XAU B x1.0,ob,0.02,,4516.916,4515.984,4517.834,4517.889,TP,tp,0.931999999999789,1.0439914163092023,0.083,0,,4,0.485,-1.008,4516.339,4516.636,2026-05-05 00:30:10,,,,,,,,,,,,,,,,,,,,,,,,,0.019459999999999127
212,2026-05-05 00:33:01,2026-05-05,0,XAUUSDm,buy,WT V11XAU B x1.0,ob,0.02,,4517.159,4516.003,4518.077,4518.079,TP,tp,1.155999999999949,0.7958477508651499,0.6,0,,1,0.253,-0.611,4516.724,4516.879,2026-05-05 00:33:37,,,,,,,,,,,,,,,,,,,,,,,,,0.018400000000001457
214,2026-05-05 00:36:34,2026-05-05,0,XAUUSDm,sell,WT V11XAU S x1.0,ob,0.02,,4519.626,4520.704,4518.495,4520.734,SL,sl,1.0779999999995198,-1.0278293135442191,0.033,0,,0,0.191,-0.865,4520.078,4519.934,2026-05-05 00:36:36,,,,,,,,,,,,,,,,,,,,,,,,,-0.022160000000003493
216,2026-05-05 00:37:11,2026-05-05,0,XAUUSDm,sell,WT V11XAU S x1.0,ob,0.02,,4519.485,4520.61,4518.354,4520.689,SL,sl,1.125,-1.0702222222227848,1.35,0,,2,0.195,-0.678,4519.94,4519.793,2026-05-05 00:38:32,,,,,,,,,,,,,,,,,,,,,,,,,-0.02408000000001266
218,2026-05-05 00:39:01,2026-05-05,0,XAUUSDm,sell,WT V11XAU S x1.0,ob,0.02,,4519.445,4520.561,4518.314,4520.62,SL,sl,1.1159999999999854,-1.0528673835127216,0.183,0,,0,0.228,-0.625,4519.925,4519.753,2026-05-05 00:39:12,,,,,,,,,,,,,,,,,,,,,,,,,-0.02350000000000364
220,2026-05-05 00:49:33,2026-05-05,0,XAUUSDm,buy,WT V11XAU B x1.6,ob,0.02,,4526.323,4525.203,4529.682,4526.767,SL,sl,1.1199999999998909,0.3964285714281683,1.7,0,,7,0.195,-0.705,4525.809,4526.015,2026-05-05 00:51:15,,,,,,,,,,,,,,,,,,,,,,,,,0.008879999999990104
222,2026-05-05 00:51:28,2026-05-05,0,XAUUSDm,buy,WT V11XAU B x2.1,ob,0.02,,4526.217,4525.207,4529.248,4526.592,SL,sl,1.0099999999993088,0.37128712871312536,0.25,0,,4,0.221,-0.805,4525.675,4525.909,2026-05-05 00:51:43,,,,,,,,,,,,,,,,,,,,,,,,,0.0075
224,2026-05-05 01:00:32,2026-05-05,1,XAUUSDm,buy,WT V11XAU B x1.0,ob,0.01,,4526.6,4525.187,4530.838,4530.955,TP,tp,1.4130000000004657,3.082094833685866,1.917,0,,0,0.253,-0.417,4526.052,4526.32,2026-05-05 01:02:27,,,,,,,,,,,,,,,,,,,,,,,,,0.043549999999995634
226,2026-05-05 06:18:20,2026-05-05,6,XAUUSDm,buy,WT V11XAU B x2.4,ob,0.02,,4540.285,4539.439,4542.824,4539.437,SL,sl,0.8459999999995489,-1.0023640661943363,0.767,0,,20,0.196,-1.008,4539.641,4539.977,2026-05-05 06:19:06,,,,,,,,,,,,,,,,,,,,,,,,,-0.01695999999999913
228,2026-05-05 06:31:01,2026-05-05,6,XAUUSDm,buy,WT V11XAU B x2.4,ob,0.02,,4541.052,4539.414,4545.966,4539.35,SL,sl,1.63799999999992,-1.0390720390716723,0.733,0,,1,0.182,-0.561,4540.431,4540.744,2026-05-05 06:31:45,,,,,,,,,,,,,,,,,,,,,,,,,-0.034039999999986324
230,2026-05-05 09:32:43,2026-05-05,9,XAUUSDm,buy,WT V11XAU B x2.4,ob,0.02,,4554.267,4551.793,4561.69,4555.255,SL,sl,2.47400000000016,0.3993532740502101,7.15,0,,1,0.193,-0.503,4553.345,4553.959,2026-05-05 09:39:52,,,,,,,,,,,,,,,,,,,,,,,,,0.019760000000005676
232,2026-05-05 09:49:04,2026-05-05,9,XAUUSDm,buy,WT V11XAU B x2.4,ob,0.02,,4553.863,4551.759,4560.176,4554.697,SL,sl,2.104000000000269,0.3963878326994895,8.917,0,,2,0.188,-0.631,4552.957,4553.555,2026-05-05 09:57:59,,,,,,,,,,,,,,,,,,,,,,,,,0.016679999999996652
234,2026-05-05 10:12:28,2026-05-05,10,XAUUSDm,buy,WT V11XAU B x2.4,ob,0.02,,4553.099,4552.006,4556.379,4553.527,SL,sl,1.0929999999998472,0.391582799633983,1.767,0,,28,0.18,-0.862,4552.246,4552.819,2026-05-05 10:14:14,,,,,,,,,,,,,,,,,,,,,,,,,0.008559999999997672
236,2026-05-05 10:15:13,2026-05-05,10,XAUUSDm,buy,WT V11XAU B x3.4,ob,0.02,,4553.83,4552.001,4559.316,4554.425,SL,sl,1.8289999999997235,0.32531437944250663,0.983,0,,13,0.28,-0.641,4552.633,4553.522,2026-05-05 10:16:12,,,,,,,,,,,,,,,,,,,,,,,,,0.011900000000005094
238,2026-05-05 10:18:54,2026-05-05,10,XAUUSDm,buy,WT V11XAU B x1.4,ob,0.02,,4553.075,4551.991,4556.326,4551.795,SL,sl,1.0839999999998327,-1.1808118081180285,0.2,0,,48,0.18,-0.878,4552.194,4552.767,2026-05-05 10:19:06,,,,,,,,,,,,,,,,,,,,,,,,,-0.025599999999994908
240,2026-05-05 10:20:16,2026-05-05,10,XAUUSDm,buy,WT V11XAU B x2.4,ob,0.02,,4553.115,4551.986,4556.501,4553.444,SL,sl,1.1289999999999054,0.2914083259527552,1.433,0,,16,0.194,-0.866,4552.191,4552.807,2026-05-05 10:21:42,,,,,,,,,,,,,,,,,,,,,,,,,0.00658000000001266
242,2026-05-05 10:22:33,2026-05-05,10,XAUUSDm,buy,WT V11XAU B x1.4,ob,0.01,,4553.788,4551.975,4559.228,4552.93,MARKET_CLOSE,market_close,1.8129999999991924,-0.4732487589628502,2.45,0,,33,0.196,-0.645,4552.885,4553.508,2026-05-05 10:25:00,,,,,,,,,,,,,,,,,,,,,,,,,-0.00857999999999265
243,2026-05-05 10:23:16,2026-05-05,10,XAUUSDm,buy,WT V11XAU B x2.4,ob,0.01,,4553.86,4552.015,4559.395,4551.99,SL,sl,1.8449999999993452,-1.0135501355016556,1.817,0,,15,0.187,-0.631,4552.958,4553.552,2026-05-05 10:25:05,,,,,,,,,,,,,,,,,,,,,,,,,-0.01869999999999891
246,2026-05-05 10:35:01,2026-05-05,10,XAUUSDm,buy,WT V11XAU B x2.4,ob,0.02,,4553.215,4551.819,4557.404,4551.79,SL,sl,1.3959999999997308,-1.0207736389688085,0.65,0,,1,0.197,-0.834,4552.279,4552.907,2026-05-05 10:35:40,,,,,,,,,,,,,,,,,,,,,,,,,-0.028500000000003637
248,2026-05-05 10:39:20,2026-05-05,10,XAUUSDm,buy,WT V11XAU B x1.4,ob,0.01,,4552.932,4551.746,4556.489,4551.734,SL,sl,1.1859999999996944,-1.01011804384462,0.383,0,,80,0.195,-0.923,4552.005,4552.624,2026-05-05 10:39:43,,,,,,,,,,,,,,,,,,,,,,,,,-0.011979999999994106
250,2026-05-05 11:12:07,2026-05-05,11,XAUUSDm,buy,WT V11XAU B x2.1,ob,0.02,,4552.63,4551.765,4555.225,4551.748,SL,sl,0.8649999999997817,-1.019653179191606,1.283,0,,7,0.238,-1.009,4551.594,4552.35,2026-05-05 11:13:24,,,,,,,,,,,,,,,,,,,,,,,,,-0.01764000000001033
252,2026-05-05 11:15:07,2026-05-05,11,XAUUSDm,buy,WT V11XAU B x2.1,ob,0.02,,4553.427,4551.814,4558.265,4554.034,SL,sl,1.6129999999993743,0.37631742095487064,0.933,0,,7,0.213,-0.768,4552.443,4553.119,2026-05-05 11:16:03,,,,,,,,,,,,,,,,,,,,,,,,,0.012139999999999419
254,2026-05-05 11:16:44,2026-05-05,11,XAUUSDm,buy,WT V11XAU B x2.1,ob,0.02,,4553.155,4551.839,4557.103,4551.752,SL,sl,1.3159999999998035,-1.0661094224920573,0.4,0,,5,0.205,-0.853,4552.195,4552.847,2026-05-05 11:17:08,,,,,,,,,,,,,,,,,,,,,,,,,-0.02805999999998676
256,2026-05-05 11:22:01,2026-05-05,11,XAUUSDm,buy,WT V11XAU B x2.1,ob,0.02,,4553.826,4551.861,4559.722,4554.605,SL,sl,1.9650000000001455,0.39643765903281625,0.617,0,,1,0.206,-0.642,4552.863,4553.518,2026-05-05 11:22:38,,,,,,,,,,,,,,,,,,,,,,,,,0.015579999999990832
258,2026-05-05 11:25:53,2026-05-05,11,XAUUSDm,buy,WT V11XAU B x2.1,ob,0.02,,4554.256,4551.846,4561.487,4555.142,SL,sl,2.410000000000764,0.3676348547714654,0.65,0,,8,0.181,-0.498,4553.401,4553.976,2026-05-05 11:26:32,,,,,,,,,,,,,,,,,,,,,,,,,0.01771999999999025
260,2026-05-06 14:45:59,2026-05-06,14,XAUUSDm,buy,WT V11XAU B x1.3,ob,0.01,,4708.759,4707.041,4713.912,4709.186,SL,sl,1.7179999999998472,0.2485448195574609,0.35,0,,2,0.18,-0.723,4708.07,4708.451,2026-05-06 14:46:20,,,,,,,,,,,,,,,,,,,,,,,,,0.004269999999996799
261,2026-05-06 14:46:02,2026-05-06,14,XAUUSDm,buy,WT V11XAU B x1.3,ob,0.01,,4708.694,4706.942,4713.949,4709.186,SL,sl,1.7520000000004075,0.28082191780774274,0.3,0,,2,0.197,-0.741,4707.997,4708.414,2026-05-06 14:46:20,,,,,,,,,,,,,,,,,,,,,,,,,0.004919999999992797
264,2026-05-06 14:48:01,2026-05-06,14,XAUUSDm,buy,WT V11XAU B x1.3,ob,0.01,,4708.897,4706.96,4714.707,4709.612,SL,sl,1.9369999999998981,0.36912751677861805,0.617,0,,1,0.198,-0.658,4708.17,4708.589,2026-05-06 14:48:38,,,,,,,,,,,,,,,,,,,,,,,,,0.0071500000000014555
266,2026-05-06 16:26:08,2026-05-06,16,XAUUSDm,sell,WT V11XAU S x1.0,ob,0.01,,4686.737,4688.515,4684.166,4688.537,SL,sl,1.7780000000002474,-1.0123734533182966,1.133,0,,1,0.223,-0.531,4687.428,4687.045,2026-05-06 16:27:16,,,,,,,,,,,,,,,,,,,,,,,,,-0.01800000000000182
268,2026-05-06 16:28:02,2026-05-06,16,XAUUSDm,sell,WT V11XAU S x1.6,ob,0.01,,4686.911,4688.336,4684.34,4688.363,SL,sl,1.425000000000182,-1.0189473684210808,0.317,0,,2,0.236,-0.632,4687.623,4687.219,2026-05-06 16:28:21,,,,,,,,,,,,,,,,,,,,,,,,,-0.014520000000002255
270,2026-05-06 16:29:02,2026-05-06,16,XAUUSDm,sell,WT V11XAU S x1.6,ob,0.02,,4687.544,4688.341,4684.973,4687.672,MARKET_CLOSE,market_close,0.7970000000004802,-0.16060225846878867,0.617,0,,2,0.188,-1.002,4688.174,4687.852,2026-05-06 16:29:39,,,,,,,,,,,,,,,,,,,,,,,,,-0.0025599999999940336
272,2026-05-06 16:34:00,2026-05-06,16,XAUUSDm,sell,WT V11XAU S x1.6,ob,0.01,,4686.68,4688.321,4684.109,4686.847,MARKET_CLOSE,market_close,1.6409999999996217,-0.10176721511243149,0.6,0,,0,0.196,-0.481,4687.296,4686.96,2026-05-06 16:34:36,,,,,,,,,,,,,,,,,,,,,,,,,-0.001669999999994616
274,2026-05-06 16:35:07,2026-05-06,16,XAUUSDm,sell,WT V11XAU S x1.6,ob,0.02,,4687.482,4688.352,4684.911,4688.366,SL,sl,0.8699999999998909,-1.0160919540231328,0.4,0,,7,0.209,-0.966,4688.149,4687.79,2026-05-06 16:35:31,,,,,,,,,,,,,,,,,,,,,,,,,-0.017680000000000293
276,2026-05-06 16:36:19,2026-05-06,16,XAUUSDm,sell,WT V11XAU S x1.6,ob,0.01,,4687.097,4688.353,4684.526,4688.497,SL,sl,1.2560000000003129,-1.1146496815288192,0.35,0,,10,0.228,-0.741,4687.795,4687.405,2026-05-06 16:36:40,,,,,,,,,,,,,,,,,,,,,,,,,-0.014000000000005458
278,2026-05-06 16:48:02,2026-05-06,16,XAUUSDm,sell,WT V11XAU S x1.6,ob,0.01,,4687.199,4688.328,4684.628,4688.458,SL,sl,1.129000000000815,-1.1151461470319803,0.2,0,,2,0.193,-0.784,4687.81,4687.479,2026-05-06 16:48:14,,,,,,,,,,,,,,,,,,,,,,,,,-0.012590000000000146
280,2026-05-06 16:49:01,2026-05-06,16,XAUUSDm,sell,WT V11XAU S x1.6,ob,0.01,,4687.169,4688.315,4684.598,4688.337,SL,sl,1.1459999999997308,-1.019197207679624,0.167,0,,1,0.195,-0.783,4687.812,4687.477,2026-05-06 16:49:11,,,,,,,,,,,,,,,,,,,,,,,,,-0.011680000000005748
282,2026-05-06 16:54:00,2026-05-06,16,XAUUSDm,sell,WT V11XAU S x1.6,ob,0.01,,4686.766,4688.342,4684.195,4684.185,TP,tp,1.5760000000000218,1.6376903553294326,1.183,0,,0,0.196,-0.548,4687.41,4687.074,2026-05-06 16:55:11,,,,,,,,,,,,,,,,,,,,,,,,,0.025809999999992214
284,2026-05-06 16:59:24,2026-05-06,16,XAUUSDm,sell,WT V11XAU S x1.0,ob,0.01,,4684.182,4685.626,4682.774,4682.769,TP,tp,1.4440000000004147,0.9785318559550903,0.65,0,,1,0.248,-0.471,4684.695,4684.462,2026-05-06 17:00:03,,,,,,,,,,,,,,,,,,,,,,,,,0.014129999999995563
286,2026-05-06 17:02:31,2026-05-06,17,XAUUSDm,sell,WT V11XAU S x1.7,ob,0.02,,4684.684,4685.626,4683.276,4685.691,SL,sl,0.9420000000000073,-1.0690021231418252,0.033,0,,2,0.261,-1.035,4685.237,4684.992,2026-05-06 17:02:33,,,,,,,,,,,,,,,,,,,,,,,,,-0.020139999999992143
288,2026-05-06 17:03:00,2026-05-06,17,XAUUSDm,sell,WT V11XAU S x1.8,ob,0.02,,4684.884,4685.722,4683.476,4685.806,SL,sl,0.8379999999997381,-1.1002386634843184,0.067,0,,0,0.256,-1.248,4685.432,4685.192,2026-05-06 17:03:04,,,,,,,,,,,,,,,,,,,,,,,,,-0.018439999999991415
290,2026-05-06 17:04:00,2026-05-06,17,XAUUSDm,sell,WT V11XAU S x1.2,ob,0.01,,4684.606,4685.723,4683.198,4684.737,MARKET_CLOSE,market_close,1.1170000000001892,-0.11727842435120026,0.3,0,,0,0.228,-0.922,4685.1,4684.886,2026-05-06 17:04:18,,,,,,,,,,,,,,,,,,,,,,,,,-0.0013100000000031288
292,2026-05-06 17:06:20,2026-05-06,17,XAUUSDm,sell,WT V11XAU S x1.8,ob,0.01,,4686.827,4688.378,4684.256,4686.992,MARKET_CLOSE,market_close,1.5509999999994761,-0.10638297872341673,3.85,0,,2,0.192,-0.583,4687.464,4687.135,2026-05-06 17:10:11,,,,,,,,,,,,,,,,,,,,,,,,,-0.0016499999999996361
293,2026-05-06 17:07:03,2026-05-06,17,XAUUSDm,sell,WT V11XAU S x1.2,ob,0.01,,4686.68,4688.564,4684.109,4686.89,MARKET_CLOSE,market_close,1.8840000000000146,-0.11146496815288469,3.033,0,,2,0.184,-0.498,4687.303,4686.988,2026-05-06 17:10:05,,,,,,,,,,,,,,,,,,,,,,,,,-0.0021000000000003637
296,2026-05-06 17:10:19,2026-05-06,17,XAUUSDm,sell,WT V11XAU S x1.2,ob,0.01,,4686.664,4688.54,4684.093,4686.045,SL,sl,1.8760000000002037,0.32995735607655646,3.65,0,,3,0.205,-0.488,4687.324,4686.972,2026-05-06 17:13:58,,,,,,,,,,,,,,,,,,,,,,,,,0.006189999999996872
298,2026-05-06 17:17:21,2026-05-06,17,XAUUSDm,sell,WT V11XAU S x1.7,ob,0.01,,4684.279,4685.381,4682.871,4685.415,SL,sl,1.1019999999998618,-1.0308529945550409,0.283,0,,1,0.295,-0.604,4684.864,4684.587,2026-05-06 17:17:38,,,,,,,,,,,,,,,,,,,,,,,,,-0.011359999999995126
300,2026-05-06 17:18:02,2026-05-06,17,XAUUSDm,sell,WT V11XAU S x1.2,ob,0.01,,4684.328,4685.363,4682.92,4682.877,TP,tp,1.0349999999998545,1.4019323671499766,0.733,0,,2,0.207,-0.626,4684.802,4684.608,2026-05-06 17:18:46,,,,,,,,,,,,,,,,,,,,,,,,,0.014510000000000219
302,2026-05-06 17:29:07,2026-05-06,17,XAUUSDm,sell,WT V11XAU S x1.2,ob,0.01,,4684.315,4685.366,4682.907,4683.707,MARKET_CLOSE,market_close,1.0510000000003856,0.5784966698373378,0.2,0,,0,0.216,-0.612,4684.798,4684.595,2026-05-06 17:29:19,,,,,,,,,,,,,,,,,,,,,,,,,0.006079999999992651
304,2026-05-06 18:13:09,2026-05-06,18,XAUUSDm,sell,WT V11XAU S x1.2,ob,0.01,,4687.06,4688.465,4685.652,4688.554,SL,sl,1.4049999999997453,-1.0633451957295075,3.567,0,,4,0.199,-0.719,4687.709,4687.368,2026-05-06 18:16:43,,,,,,,,,,,,,,,,,,,,,,,,,-0.014939999999996872
306,2026-05-06 18:54:05,2026-05-06,18,XAUUSDm,buy,WT V11XAU B x1.3,ob,0.02,,4686.402,4685.582,4688.028,4685.571,SL,sl,0.819999999999709,-1.0134146341468608,0.05,0,,5,0.315,-0.88,4685.753,4686.094,2026-05-06 18:54:08,,,,,,,,,,,,,,,,,,,,,,,,,-0.01662000000000262
308,2026-05-06 18:55:22,2026-05-06,18,XAUUSDm,buy,WT V11XAU B x0.9,ob,0.01,,4686.409,4685.585,4688.035,4685.391,SL,sl,0.8239999999996144,-1.235436893204497,0.15,0,,7,0.246,-0.874,4685.834,4686.101,2026-05-06 18:55:31,,,,,,,,,,,,,,,,,,,,,,,,,-0.010180000000000291
310,2026-05-06 18:57:58,2026-05-06,18,XAUUSDm,buy,WT V11XAU B x1.3,ob,0.02,,4686.589,4685.58,4688.215,4686.776,SL,sl,1.0090000000000146,0.1853320118928597,3.55,0,,12,0.297,-0.708,4685.959,4686.281,2026-05-06 19:01:31,,,,,,,,,,,,,,,,,,,,,,,,,0.003739999999997963
312,2026-05-06 20:47:24,2026-05-06,20,XAUUSDm,buy,WT V11XAU B x1.2,ob,0.01,,4686.772,4685.594,4688.398,4685.572,SL,sl,1.1779999999998836,-1.0186757215619158,0.283,0,,3,0.225,-0.513,4686.248,4686.492,2026-05-06 20:47:41,,,,,,,,,,,,,,,,,,,,,,,,,-0.01199999999999818
314,2026-05-06 20:54:00,2026-05-06,20,XAUUSDm,sell,WT V11XAU S x0.9,ob,0.01,,4689.692,4690.534,4687.466,4689.81,MARKET_CLOSE,market_close,0.8419999999996435,-0.1401425178152528,0.4,0,,0,0.218,-0.965,4690.323,4690.0,2026-05-06 20:54:24,,,,,,,,,,,,,,,,,,,,,,,,,-0.001180000000003929
316,2026-05-07 00:09:16,2026-05-07,0,XAUUSDm,sell,WT V11XAU S x1.0,ob,0.01,,4694.14,4695.559,4692.051,4695.778,SL,sl,1.418999999999869,-1.1543340380550184,0.133,0,,1,0.187,-0.673,4694.709,4694.448,2026-05-07 00:09:24,,,,,,,,,,,,,,,,,,,,,,,,,-0.0163799999999992
318,2026-05-07 00:10:59,2026-05-07,0,XAUUSDm,sell,WT V11XAU S x1.6,ob,0.01,,4697.093,4698.06,4694.918,4698.087,SL,sl,0.967000000000553,-1.0279214064116113,0.3,0,,4,0.238,-0.912,4697.718,4697.373,2026-05-07 00:11:17,,,,,,,,,,,,,,,,,,,,,,,,,-0.009940000000005967
319,2026-05-07 00:11:02,2026-05-07,0,XAUUSDm,sell,WT V11XAU S x1.6,ob,0.01,,4696.845,4698.288,4694.67,4698.334,SL,sl,1.4429999999993015,-1.031878031878239,0.25,0,,2,0.197,-0.761,4697.438,4697.153,2026-05-07 00:11:17,,,,,,,,,,,,,,,,,,,,,,,,,-0.01488999999999578
322,2026-05-07 00:18:25,2026-05-07,0,XAUUSDm,sell,WT V11XAU S x1.0,ob,0.01,,4696.412,4698.272,4694.237,4698.336,SL,sl,1.8599999999996726,-1.034408602150708,0.917,0,,1,0.218,-0.462,4697.036,4696.72,2026-05-07 00:19:20,,,,,,,,,,,,,,,,,,,,,,,,,-0.01923999999999978
324,2026-05-07 00:21:01,2026-05-07,0,XAUUSDm,sell,WT V11XAU S x1.6,ob,0.01,,4697.399,4698.23,4695.224,4698.273,SL,sl,0.8309999999992215,-1.051744885680644,0.567,0,,1,0.204,-1.123,4697.975,4697.679,2026-05-07 00:21:35,,,,,,,,,,,,,,,,,,,,,,,,,-0.008739999999997963
326,2026-05-07 00:26:42,2026-05-07,0,XAUUSDm,sell,WT V11XAU S x1.5,ob,0.01,,4693.903,4695.662,4691.814,4693.243,SL,sl,1.7590000000000146,0.3752131893120233,3.833,0,,5,0.271,-0.503,4694.588,4694.211,2026-05-07 00:30:32,,,,,,,,,,,,,,,,,,,,,,,,,0.0065999999999985445
328,2026-05-07 01:05:47,2026-05-07,1,XAUUSDm,sell,WT V11XAU S x1.0,ob,0.01,,4693.908,4695.581,4688.889,4693.307,SL,sl,1.6729999999997744,0.35923490735244984,0.5,0,,0,0.221,-0.507,4694.524,4694.216,2026-05-07 01:06:17,,,,,,,,,,,,,,,,,,,,,,,,,0.006010000000005676
330,2026-05-07 01:06:47,2026-05-07,1,XAUUSDm,sell,WT V11XAU S x1.0,ob,0.01,,4696.508,4698.259,4691.256,4698.293,SL,sl,1.7510000000002037,-1.0194174757279537,0.1,0,,1,0.235,-0.509,4697.129,4696.788,2026-05-07 01:06:53,,,,,,,,,,,,,,,,,,,,,,,,,-0.017849999999998544
332,2026-05-07 08:03:03,2026-05-07,8,XAUUSDm,sell,WT V11XAU S x1.3,ob,0.01,,4748.351,4749.945,4743.568,4750.018,SL,sl,1.594000000000051,-1.0457967377668242,0.617,0,,3,0.225,-0.75,4749.121,4748.631,2026-05-07 08:03:40,,,,,,,,,,,,,,,,,,,,,,,,,-0.01667000000000371
334,2026-05-07 08:08:03,2026-05-07,8,XAUUSDm,sell,WT V11XAU S x1.3,ob,0.01,,4748.936,4749.99,4745.774,4748.519,SL,sl,1.0540000000000873,0.3956356736237448,1.917,0,,3,0.201,-1.073,4749.768,4749.332,2026-05-07 08:09:58,,,,,,,,,,,,,,,,,,,,,,,,,0.0041699999999946155
336,2026-05-07 10:15:01,2026-05-07,10,XAUUSDm,sell,WT V11XAU S x1.7,ob,0.01,,4734.782,4736.29,4732.741,4736.444,SL,sl,1.5079999999998108,-1.1021220159154312,0.95,0,,1,0.308,-0.532,4735.509,4735.09,2026-05-07 10:15:58,,,,,,,,,,,,,,,,,,,,,,,,,-0.01662000000000262
338,2026-05-07 10:16:13,2026-05-07,10,XAUUSDm,sell,WT V11XAU S x1.8,ob,0.01,,4735.4,4736.303,4733.359,4735.059,SL,sl,0.9030000000002474,0.3776301218154444,0.8,0,,13,0.223,-0.986,4736.011,4735.708,2026-05-07 10:17:01,,,,,,,,,,,,,,,,,,,,,,,,,0.0034099999999943975
340,2026-05-07 10:38:16,2026-05-07,10,XAUUSDm,sell,WT V11XAU S x1.2,ob,0.01,,4734.875,4736.258,4732.834,4736.279,SL,sl,1.3829999999998108,-1.015184381779207,0.15,0,,1,0.19,-0.6,4735.442,4735.183,2026-05-07 10:38:25,,,,,,,,,,,,,,,,,,,,,,,,,-0.01404000000000451
342,2026-05-07 11:04:11,2026-05-07,11,XAUUSDm,sell,WT V11XAU S x2.6,ob,0.01,,4735.399,4736.184,4733.358,4736.216,SL,sl,0.7849999999998545,-1.0407643312103934,0.033,0,,11,0.268,-0.985,4736.072,4735.707,2026-05-07 11:04:13,,,,,,,,,,,,,,,,,,,,,,,,,-0.008170000000000073
344,2026-05-07 11:05:01,2026-05-07,11,XAUUSDm,sell,WT V11XAU S x1.8,ob,0.01,,4735.31,4736.173,4733.269,4733.144,TP,tp,0.8629999999993743,2.5098493626903102,3.333,0,,1,0.251,-0.92,4735.959,4735.618,2026-05-07 11:08:21,,,,,,,,,,,,,,,,,,,,,,,,,0.021660000000001674
346,2026-05-07 11:22:02,2026-05-07,11,XAUUSDm,buy,WT V11XAU B x1.3,ob,0.01,,4729.457,4728.563,4731.187,4731.274,TP,tp,0.8940000000002328,2.0324384787466823,1.667,0,,2,0.271,-0.934,4728.836,4729.149,2026-05-07 11:23:42,,,,,,,,,,,,,,,,,,,,,,,,,0.01817000000000007
348,2026-05-07 11:24:36,2026-05-07,11,XAUUSDm,sell,WT V11XAU S x1.2,ob,0.01,,4734.822,4736.198,4732.781,4734.069,MARKET_CLOSE,market_close,1.3760000000002037,0.5472383720927254,0.367,0,,2,0.204,-0.561,4735.408,4735.13,2026-05-07 11:24:58,,,,,,,,,,,,,,,,,,,,,,,,,0.007529999999997017
350,2026-05-07 11:25:53,2026-05-07,11,XAUUSDm,sell,WT V11XAU S x1.8,ob,0.01,,4735.111,4736.281,4733.07,4736.454,SL,sl,1.1700000000000728,-1.147863247863046,0.117,0,,3,0.19,-0.774,4735.677,4735.419,2026-05-07 11:26:00,,,,,,,,,,,,,,,,,,,,,,,,,-0.013429999999998473
352,2026-05-07 11:31:32,2026-05-07,11,XAUUSDm,sell,WT V11XAU S x1.2,ob,0.01,,4734.851,4736.31,4730.475,4734.314,SL,sl,1.4590000000007421,0.36806031528381034,0.333,0,,2,0.237,-0.583,4735.482,4735.159,2026-05-07 11:31:52,,,,,,,,,,,,,,,,,,,,,,,,,0.005369999999993525
354,2026-05-07 18:28:36,2026-05-07,18,XAUUSDm,sell,WT V11XAU S x1.7,ob,0.01,,4710.832,4712.415,4709.451,4712.477,SL,sl,1.582999999999629,-1.0391661402399954,0.717,0,,0,0.302,-0.498,4711.47,4711.192,2026-05-07 18:29:19,,,,,,,,,,,,,,,,,,,,,,,,,-0.01644999999999527
356,2026-05-07 18:38:00,2026-05-07,18,XAUUSDm,sell,WT V11XAU S x1.2,ob,0.01,,4711.225,4712.343,4709.844,4710.907,SL,sl,1.1179999999994834,0.2844364937391395,0.017,0,,0,0.193,-0.838,4711.683,4711.505,2026-05-07 18:38:01,,,,,,,,,,,,,,,,,,,,,,,,,0.00318000000000211
358,2026-05-07 18:39:12,2026-05-07,18,XAUUSDm,sell,WT V11XAU S x1.7,ob,0.01,,4710.836,4712.42,4709.455,4711.004,MARKET_CLOSE,market_close,1.5839999999998327,-0.10606060606040597,0.233,0,,0,0.295,-0.416,4711.388,4711.116,2026-05-07 18:39:26,,,,,,,,,,,,,,,,,,,,,,,,,-0.0016799999999966531
360,2026-05-07 18:42:15,2026-05-07,18,XAUUSDm,sell,WT V11XAU S x1.2,ob,0.01,,4711.099,4712.415,4709.718,4712.46,SL,sl,1.3159999999998035,-1.0341945288754404,0.15,0,,0,0.212,-0.827,4711.69,4711.495,2026-05-07 18:42:24,,,,,,,,,,,,,,,,,,,,,,,,,-0.013609999999998764
362,2026-05-07 18:44:00,2026-05-07,18,XAUUSDm,sell,WT V11XAU S x1.2,ob,0.01,,4711.087,4712.531,4709.706,4712.591,SL,sl,1.4439999999995052,-1.0415512465376875,0.217,0,,0,0.185,-0.688,4711.537,4711.367,2026-05-07 18:44:13,,,,,,,,,,,,,,,,,,,,,,,,,-0.015039999999999054
364,2026-05-07 18:59:25,2026-05-07,18,XAUUSDm,sell,WT V11XAU S x1.7,ob,0.01,,4710.738,4712.698,4709.357,4710.938,MARKET_CLOSE,market_close,1.9600000000000364,-0.10204081632643591,0.867,0,,0,0.262,-0.435,4711.375,4711.134,2026-05-07 19:00:17,,,,,,,,,,,,,,,,,,,,,,,,,-0.001999999999998181
366,2026-05-07 19:00:22,2026-05-07,19,XAUUSDm,sell,WT V11XAU S x1.2,ob,0.01,,4711.755,4712.724,4710.374,4712.929,SL,sl,0.9690000000000509,-1.2115583075334535,0.067,0,,1,0.378,-1.444,4712.411,4712.063,2026-05-07 19:00:26,,,,,,,,,,,,,,,,,,,,,,,,,-0.011739999999999782
368,2026-05-07 19:08:01,2026-05-07,19,XAUUSDm,sell,WT V11XAU S x1.7,ob,0.01,,4710.916,4712.73,4709.535,4709.304,TP,tp,1.813999999999396,0.8886438809264701,0.717,0,,0,0.267,-0.533,4711.47,4711.224,2026-05-07 19:08:44,,,,,,,,,,,,,,,,,,,,,,,,,0.0161200000000008
370,2026-05-07 19:10:18,2026-05-07,19,XAUUSDm,sell,WT V11XAU S x1.2,ob,0.01,,4710.956,4712.372,4709.575,4709.459,TP,tp,1.4160000000001673,1.0572033898305941,0.417,0,,0,0.203,-0.633,4711.503,4711.316,2026-05-07 19:10:43,,,,,,,,,,,,,,,,,,,,,,,,,0.014970000000002983
372,2026-05-07 19:13:09,2026-05-07,19,XAUUSDm,sell,WT V11XAU S x1.2,ob,0.01,,4710.901,4712.318,4709.52,4709.491,TP,tp,1.417000000000371,0.9950599858853106,1.467,0,,1,0.205,-0.517,4711.398,4711.209,2026-05-07 19:14:37,,,,,,,,,,,,,,,,,,,,,,,,,0.014099999999998544
374,2026-05-07 19:39:17,2026-05-07,19,XAUUSDm,sell,WT V11XAU S x1.2,ob,0.01,,4710.86,4712.232,4709.479,4712.394,SL,sl,1.3720000000002983,-1.1180758017494363,0.083,0,,2,0.219,-0.472,4711.37,4711.168,2026-05-07 19:39:22,,,,,,,,,,,,,,,,,,,,,,,,,-0.015340000000005603
376,2026-05-07 19:40:02,2026-05-07,19,XAUUSDm,sell,WT V11XAU S x1.2,ob,0.01,,4710.937,4712.288,4709.556,4711.095,MARKET_CLOSE,market_close,1.350999999999658,-0.11695040710614102,1.217,0,,1,0.228,-0.556,4711.455,4711.245,2026-05-07 19:41:15,,,,,,,,,,,,,,,,,,,,,,,,,-0.0015800000000035653
378,2026-05-07 20:02:05,2026-05-07,20,XAUUSDm,sell,WT V11XAU S x1.7,ob,0.01,,4711.103,4712.203,4709.722,4712.288,SL,sl,1.1000000000003638,-1.077272727271908,0.0,0,,1,0.283,-0.832,4711.76,4711.499,2026-05-07 20:02:05,,,,,,,,,,,,,,,,,,,,,,,,,-0.011849999999994906
380,2026-05-07 20:10:09,2026-05-07,20,XAUUSDm,sell,WT V11XAU S x1.2,ob,0.01,,4711.629,4712.651,4710.248,4711.765,MARKET_CLOSE,market_close,1.0219999999999345,-0.13307240704543125,0.083,0,,9,0.226,-1.307,4712.145,4711.937,2026-05-07 20:10:14,,,,,,,,,,,,,,,,,,,,,,,,,-0.00136000000000422
382,2026-05-07 20:13:01,2026-05-07,20,XAUUSDm,sell,WT V11XAU S x1.2,ob,0.01,,4711.378,4712.579,4709.997,4712.65,SL,sl,1.2010000000000218,-1.059117402164789,0.983,0,,1,0.212,-1.035,4711.881,4711.686,2026-05-07 20:14:00,,,,,,,,,,,,,,,,,,,,,,,,,-0.012719999999999345
384,2026-05-07 20:16:16,2026-05-07,20,XAUUSDm,sell,WT V11XAU S x1.2,ob,0.01,,4711.135,4712.295,4709.754,4712.307,SL,sl,1.1599999999998545,-1.0103448275859637,0.067,0,,2,0.376,-0.866,4711.877,4711.531,2026-05-07 20:16:20,,,,,,,,,,,,,,,,,,,,,,,,,-0.011719999999995708
386,2026-05-07 20:17:00,2026-05-07,20,XAUUSDm,sell,WT V11XAU S x1.2,ob,0.01,,4710.825,4712.259,4709.444,4711.02,MARKET_CLOSE,market_close,1.4340000000001965,-0.13598326359873902,0.6,0,,0,0.23,-0.491,4711.397,4711.185,2026-05-07 20:17:36,,,,,,,,,,,,,,,,,,,,,,,,,-0.0019500000000061846
388,2026-05-07 20:18:01,2026-05-07,20,XAUUSDm,sell,WT V11XAU S x1.2,ob,0.01,,4710.926,4712.208,4709.545,4711.1,MARKET_CLOSE,market_close,1.2819999999992433,-0.13572542901722376,0.8,0,,1,0.257,-0.6,4711.523,4711.286,2026-05-07 20:18:49,,,,,,,,,,,,,,,,,,,,,,,,,-0.0017399999999997817
390,2026-05-07 22:29:20,2026-05-07,22,XAUUSDm,buy,WT V11XAU B x1.3,ob,0.01,,4694.144,4692.386,4699.418,4692.316,SL,sl,1.7579999999998108,-1.0398179749719147,0.867,0,,1,0.289,-0.509,4693.437,4693.748,2026-05-07 22:30:12,,,,,,,,,,,,,,,,,,,,,,,,,-0.018280000000004293
392,2026-05-07 23:17:09,2026-05-07,23,XAUUSDm,buy,WT V11XAU B x1.3,ob,0.01,,4693.755,4692.722,4696.855,4692.572,SL,sl,1.0330000000003565,-1.1452081316549705,1.033,0,,8,0.187,-0.789,4693.246,4693.447,2026-05-07 23:18:11,,,,,,,,,,,,,,,,,,,,,,,,,-0.011829999999999927
394,2026-05-08 02:16:12,2026-05-08,2,XAUUSDm,buy,WT V11XAU B x1.2,ob,0.01,,4722.445,4720.867,4724.694,4720.802,SL,sl,1.5779999999995198,-1.0411913814958993,0.1,0,,2,0.205,-0.61,4721.829,4722.137,2026-05-08 02:16:18,,,,,,,,,,,,,,,,,,,,,,,,,-0.01643000000000029
396,2026-05-08 02:21:32,2026-05-08,2,XAUUSDm,buy,WT V11XAU B x1.8,ob,0.01,,4722.137,4720.996,4724.386,4721.809,MARKET_CLOSE,market_close,1.1409999999996217,-0.2874671340925754,0.717,0,,9,0.237,-0.816,4721.474,4721.829,2026-05-08 02:22:15,,,,,,,,,,,,,,,,,,,,,,,,,-0.0032799999999951978
398,2026-05-08 02:24:01,2026-05-08,2,XAUUSDm,buy,WT V11XAU B x1.8,ob,0.01,,4722.102,4720.972,4724.351,4720.744,SL,sl,1.1300000000001091,-1.2017699115044633,1.15,0,,0,0.236,-0.874,4721.388,4721.742,2026-05-08 02:25:10,,,,,,,,,,,,,,,,,,,,,,,,,-0.013580000000001747
400,2026-05-08 02:30:00,2026-05-08,2,XAUUSDm,buy,WT V11XAU B x1.8,ob,0.01,,4722.01,4720.972,4724.259,4720.78,SL,sl,1.0380000000004657,-1.18497109826582,0.017,0,,16,0.191,-0.882,4721.443,4721.73,2026-05-08 02:30:01,,,,,,,,,,,,,,,,,,,,,,,,,-0.012300000000004729
402,2026-05-08 02:31:03,2026-05-08,2,XAUUSDm,buy,WT V11XAU B x2.6,ob,0.01,,4722.437,4720.992,4724.686,4720.941,SL,sl,1.444999999999709,-1.0352941176473327,0.05,0,,0,0.265,-0.674,4721.644,4722.041,2026-05-08 02:31:06,,,,,,,,,,,,,,,,,,,,,,,,,-0.014960000000000946
404,2026-05-08 03:17:45,2026-05-08,3,XAUUSDm,buy,WT V11XAU B x2.4,ob,0.01,,4722.278,4721.034,4726.009,4721.02,SL,sl,1.2440000000005966,-1.0112540192919675,0.7,0,,2,0.186,-0.703,4721.719,4721.998,2026-05-08 03:18:27,,,,,,,,,,,,,,,,,,,,,,,,,-0.012579999999998108
406,2026-05-08 03:31:02,2026-05-08,3,XAUUSDm,buy,WT V11XAU B x2.4,ob,0.01,,4722.321,4721.117,4725.932,4721.021,SL,sl,1.2039999999997235,-1.079734219269502,0.167,0,,2,0.194,-0.752,4721.634,4721.925,2026-05-08 03:31:12,,,,,,,,,,,,,,,,,,,,,,,,,-0.013000000000001819
408,2026-05-08 03:32:17,2026-05-08,3,XAUUSDm,buy,WT V11XAU B x2.4,ob,0.01,,4722.362,4721.136,4726.039,4726.09,TP,tp,1.225999999999658,3.0407830342586504,1.75,0,,1,0.189,-0.666,4721.77,4722.054,2026-05-08 03:34:02,,,,,,,,,,,,,,,,,,,,,,,,,0.03728000000000065
410,2026-05-08 03:48:29,2026-05-08,3,XAUUSDm,buy,WT V11XAU B x2.4,ob,0.01,,4722.176,4721.101,4725.4,4721.093,SL,sl,1.0750000000007276,-1.0074418604649353,0.85,0,,1,0.193,-0.849,4721.491,4721.78,2026-05-08 03:49:20,,,,,,,,,,,,,,,,,,,,,,,,,-0.010830000000005384
412,2026-05-08 04:03:01,2026-05-08,4,XAUUSDm,buy,WT V11XAU B x2.4,ob,0.01,,4722.421,4721.086,4726.427,4722.922,SL,sl,1.3350000000000364,0.3752808988758656,0.8,0,,1,0.243,-0.626,4721.748,4722.113,2026-05-08 04:03:49,,,,,,,,,,,,,,,,,,,,,,,,,0.005009999999992943
414,2026-05-08 04:04:04,2026-05-08,4,XAUUSDm,buy,WT V11XAU B x2.4,ob,0.01,,4722.132,4721.11,4725.199,4721.053,SL,sl,1.0219999999999345,-1.0557729941289555,0.2,0,,4,0.203,-0.819,4721.52,4721.824,2026-05-08 04:04:16,,,,,,,,,,,,,,,,,,,,,,,,,-0.010789999999997236
416,2026-05-08 05:29:04,2026-05-08,5,XAUUSDm,sell,WT V11XAU S x1.8,ob,0.01,,4718.5,4719.861,4715.206,4720.152,SL,sl,1.3609999999998763,-1.2138133725203482,0.1,0,,1,0.197,-0.804,4719.329,4718.896,2026-05-08 05:29:10,,,,,,,,,,,,,,,,,,,,,,,,,-0.016520000000000437
418,2026-05-08 06:00:09,2026-05-08,6,XAUUSDm,buy,WT V11XAU B x1.8,ob,0.01,,4723.831,4722.074,4727.278,4722.059,SL,sl,1.7570000000005166,-1.0085372794532803,0.083,0,,1,0.207,-0.672,4722.96,4723.435,2026-05-08 06:00:14,,,,,,,,,,,,,,,,,,,,,,,,,-0.017719999999999344
420,2026-05-08 06:08:05,2026-05-08,6,XAUUSDm,buy,WT V11XAU B x1.8,ob,0.01,,4723.944,4721.692,4727.391,4724.838,SL,sl,2.2520000000004075,0.3969804618113506,3.433,0,,1,0.193,-0.607,4723.14,4723.584,2026-05-08 06:11:31,,,,,,,,,,,,,,,,,,,,,,,,,0.008939999999993233
422,2026-05-08 06:14:32,2026-05-08,6,XAUUSDm,buy,WT V11XAU B x1.2,ob,0.01,,4723.738,4721.433,4727.185,4721.42,SL,sl,2.305000000000291,-1.0056399132320686,1.683,0,,1,0.2,-0.697,4722.918,4723.378,2026-05-08 06:16:13,,,,,,,,,,,,,,,,,,,,,,,,,-0.023180000000002112
424,2026-05-08 06:17:02,2026-05-08,6,XAUUSDm,buy,WT V11XAU B x1.8,ob,0.01,,4723.93,4721.811,4727.377,4727.381,TP,tp,2.1190000000005966,1.6285983954691128,1.733,0,,1,0.199,-0.591,4723.165,4723.622,2026-05-08 06:18:46,,,,,,,,,,,,,,,,,,,,,,,,,0.03451000000000022
426,2026-05-08 06:47:56,2026-05-08,6,XAUUSDm,buy,WT V11XAU B x1.8,ob,0.01,,4723.696,4721.892,4727.143,4721.85,SL,sl,1.8040000000000873,-1.0232815964520285,0.1,0,,3,0.181,-0.692,4722.971,4723.388,2026-05-08 06:48:02,,,,,,,,,,,,,,,,,,,,,,,,,-0.01845999999999549
428,2026-05-08 06:49:02,2026-05-08,6,XAUUSDm,buy,WT V11XAU B x1.8,ob,0.01,,4723.363,4722.011,4726.81,4726.962,TP,tp,1.3519999999998618,2.6619822485211007,5.033,0,,2,0.198,-0.876,4722.512,4722.967,2026-05-08 06:54:04,,,,,,,,,,,,,,,,,,,,,,,,,0.035990000000001604
430,2026-05-08 07:00:36,2026-05-08,7,XAUUSDm,buy,WT V11XAU B x2.1,ob,0.01,,4724.192,4721.977,4730.838,4721.949,SL,sl,2.2150000000001455,-1.0126410835215556,2.467,0,,1,0.187,-0.515,4723.367,4723.796,2026-05-08 07:03:04,,,,,,,,,,,,,,,,,,,,,,,,,-0.02243000000000393
432,2026-05-08 07:04:02,2026-05-08,7,XAUUSDm,buy,WT V11XAU B x2.1,ob,0.01,,4723.223,4722.171,4726.378,4723.448,SL,sl,1.0519999999996799,0.2138783269966086,0.417,0,,2,0.185,-0.936,4722.401,4722.827,2026-05-08 07:04:27,,,,,,,,,,,,,,,,,,,,,,,,,0.002250000000003638
434,2026-05-08 07:09:09,2026-05-08,7,XAUUSDm,buy,WT V11XAU B x2.1,ob,0.01,,4724.038,4722.088,4729.888,4722.025,SL,sl,1.949999999999818,-1.0323076923077477,0.383,0,,2,0.231,-0.582,4723.112,4723.642,2026-05-08 07:09:32,,,,,,,,,,,,,,,,,,,,,,,,,-0.0201299999999992
436,2026-05-10 23:17:13,2026-05-10,23,XAUUSDm,sell,WT V11XAU S x1.8,ob,0.01,,4693.014,4694.629,4688.17,4694.648,SL,sl,1.6149999999997817,-1.0117647058824988,2.45,0,,1,0.237,-0.466,4693.693,4693.41,2026-05-10 23:19:40,,,,,,,,,,,,,,,,,,,,,,,,,-0.016340000000000146
438,2026-05-10 23:48:20,2026-05-10,23,XAUUSDm,sell,WT V11XAU S x2.4,ob,0.01,,4696.79,4697.985,4693.204,4698.094,SL,sl,1.194999999999709,-1.0912133891216778,0.367,0,,9,0.217,-0.788,4697.566,4697.186,2026-05-10 23:48:42,,,,,,,,,,,,,,,,,,,,,,,,,-0.013040000000000874
440,2026-05-10 23:49:04,2026-05-10,23,XAUUSDm,sell,WT V11XAU S x3.4,ob,0.01,,4697.213,4698.005,4694.838,4698.017,SL,sl,0.7920000000003711,-1.0151515151511499,0.867,0,,4,0.267,-0.963,4697.962,4697.493,2026-05-10 23:49:56,,,,,,,,,,,,,,,,,,,,,,,,,-0.008040000000000873
442,2026-05-10 23:52:06,2026-05-10,23,XAUUSDm,sell,WT V11XAU S x3.4,ob,0.01,,4696.73,4698.013,4692.88,4696.33,SL,sl,1.2830000000003565,0.3117692907244934,0.867,0,,6,0.296,-0.754,4697.646,4697.126,2026-05-10 23:52:58,,,,,,,,,,,,,,,,,,,,,,,,,0.003999999999996362
444,2026-05-10 23:53:59,2026-05-10,23,XAUUSDm,sell,WT V11XAU S x2.4,ob,0.01,,4697.019,4698.021,4694.014,4696.654,SL,sl,1.001999999999498,0.364271457085793,0.717,0,,4,0.18,-0.868,4697.643,4697.327,2026-05-10 23:54:42,,,,,,,,,,,,,,,,,,,,,,,,,0.0036499999999978173
446,2026-05-10 23:58:01,2026-05-10,23,XAUUSDm,sell,WT V11XAU S x1.8,ob,0.01,,4693.294,4694.543,4689.547,4689.48,TP,tp,1.2489999999997963,3.053642914332208,2.017,0,,1,0.202,-0.627,4693.843,4693.602,2026-05-11 00:00:02,,,,,,,,,,,,,,,,,,,,,,,,,0.03814000000000305
448,2026-05-11 00:22:42,2026-05-11,0,XAUUSDm,sell,WT V11XAU S x1.8,ob,0.01,,4684.088,4685.641,4679.428,4685.684,SL,sl,1.5529999999998836,-1.027688345138814,0.367,0,,3,0.194,-0.631,4684.62,4684.368,2026-05-11 00:23:04,,,,,,,,,,,,,,,,,,,,,,,,,-0.015960000000004585
450,2026-05-11 00:25:04,2026-05-11,0,XAUUSDm,sell,WT V11XAU S x2.6,ob,0.01,,4684.245,4685.698,4679.886,4685.733,SL,sl,1.4530000000004293,-1.0240880935993422,0.35,0,,4,0.269,-0.773,4684.903,4684.553,2026-05-11 00:25:25,,,,,,,,,,,,,,,,,,,,,,,,,-0.014880000000002837
452,2026-05-11 00:27:00,2026-05-11,0,XAUUSDm,sell,WT V11XAU S x2.4,ob,0.01,,4684.718,4685.694,4681.789,4684.335,SL,sl,0.9760000000005675,0.39241803278646326,0.433,0,,0,0.216,-1.114,4685.279,4684.998,2026-05-11 00:27:26,,,,,,,,,,,,,,,,,,,,,,,,,0.0038299999999981084
454,2026-05-11 00:28:08,2026-05-11,0,XAUUSDm,sell,WT V11XAU S x1.8,ob,0.01,,4683.887,4685.69,4678.478,4683.178,SL,sl,1.8029999999998836,0.393233499722617,0.683,0,,2,0.205,-0.498,4684.462,4684.195,2026-05-11 00:28:49,,,,,,,,,,,,,,,,,,,,,,,,,0.007089999999998327
456,2026-05-11 00:29:17,2026-05-11,0,XAUUSDm,sell,WT V11XAU S x2.6,ob,0.01,,4683.837,4685.665,4678.352,4685.803,SL,sl,1.8279999999995198,-1.07549234135665,0.75,0,,1,0.273,-0.459,4684.501,4684.145,2026-05-11 00:30:02,,,,,,,,,,,,,,,,,,,,,,,,,-0.019659999999994397
458,2026-05-11 00:35:07,2026-05-11,0,XAUUSDm,sell,WT V11XAU S x1.8,ob,0.01,,4693.072,4694.5,4688.787,4692.652,SL,sl,1.4279999999998836,0.2941176470588985,0.35,0,,1,0.235,-0.441,4693.66,4693.38,2026-05-11 00:35:28,,,,,,,,,,,,,,,,,,,,,,,,,0.0042000000000007275
460,2026-05-11 00:59:55,2026-05-11,0,XAUUSDm,sell,WT V11XAU S x2.6,ob,0.01,,4683.9,4685.867,4678.0,4685.895,SL,sl,1.967000000000553,-1.0142348754449617,0.083,0,,1,0.295,-0.548,4684.644,4684.26,2026-05-11 01:00:00,,,,,,,,,,,,,,,,,,,,,,,,,-0.019950000000008003
462,2026-05-11 01:03:28,2026-05-11,1,XAUUSDm,sell,WT V11XAU S x1.8,ob,0.01,,4683.815,4686.522,4675.694,4686.568,SL,sl,2.7070000000003347,-1.0169929811600558,1.083,0,,0,0.184,-0.51,4684.45,4684.211,2026-05-11 01:04:33,,,,,,,,,,,,,,,,,,,,,,,,,-0.027530000000006112
464,2026-05-11 01:05:28,2026-05-11,1,XAUUSDm,sell,WT V11XAU S x1.8,ob,0.01,,4693.095,4694.729,4688.192,4694.85,SL,sl,1.6340000000000146,-1.0740514075887966,0.05,0,,0,0.206,-0.504,4693.701,4693.455,2026-05-11 01:05:31,,,,,,,,,,,,,,,,,,,,,,,,,-0.017550000000001093
466,2026-05-11 01:05:34,2026-05-11,1,XAUUSDm,sell,WT V11XAU S x2.4,ob,0.01,,4696.995,4698.052,4693.823,4698.256,SL,sl,1.056999999999789,-1.1929990539268436,0.017,0,,1,0.185,-0.905,4697.715,4697.391,2026-05-11 01:05:35,,,,,,,,,,,,,,,,,,,,,,,,,-0.01261000000000422
468,2026-05-11 01:06:00,2026-05-11,1,XAUUSDm,sell,WT V11XAU S x2.4,ob,0.01,,4697.722,4699.454,4692.527,4697.177,SL,sl,1.731999999999971,0.3146651270208325,0.1,0,,0,0.237,-1.299,4698.498,4698.082,2026-05-11 01:06:06,,,,,,,,,,,,,,,,,,,,,,,,,0.005450000000000728
470,2026-05-11 01:07:01,2026-05-11,1,XAUUSDm,sell,WT V11XAU S x1.8,ob,0.01,,4696.742,4699.358,4688.893,4695.757,SL,sl,2.6159999999999854,0.3765290519879922,1.267,0,,1,0.207,-0.761,4697.502,4697.138,2026-05-11 01:08:17,,,,,,,,,,,,,,,,,,,,,,,,,0.009850000000005821
472,2026-05-11 01:08:44,2026-05-11,1,XAUUSDm,sell,WT V11XAU S x1.8,ob,0.01,,4696.555,4699.327,4688.239,4695.456,SL,sl,2.7719999999999345,0.3964646464647136,0.267,0,,0,0.193,-0.634,4697.253,4696.915,2026-05-11 01:09:00,,,,,,,,,,,,,,,,,,,,,,,,,0.010990000000001601
474,2026-05-11 01:11:00,2026-05-11,1,XAUUSDm,sell,WT V11XAU S x1.8,ob,0.01,,4684.504,4686.684,4677.963,4686.711,SL,sl,2.180000000000291,-1.0123853211009357,0.033,0,,0,0.381,-1.012,4685.36,4684.864,2026-05-11 01:11:02,,,,,,,,,,,,,,,,,,,,,,,,,-0.022070000000003347
476,2026-05-11 01:13:00,2026-05-11,1,XAUUSDm,sell,WT V11XAU S x1.8,ob,0.01,,4693.278,4695.787,4685.751,4692.304,SL,sl,2.5090000000000146,0.38820247110408707,1.967,0,,2,0.222,-0.687,4693.939,4693.674,2026-05-11 01:14:58,,,,,,,,,,,,,,,,,,,,,,,,,0.009740000000001602
478,2026-05-11 01:16:51,2026-05-11,1,XAUUSDm,sell,WT V11XAU S x1.8,ob,0.01,,4693.195,4695.671,4685.767,4695.706,SL,sl,2.4760000000005675,-1.0141357027463032,0.533,0,,0,0.184,-0.618,4693.811,4693.591,2026-05-11 01:17:23,,,,,,,,,,,,,,,,,,,,,,,,,-0.02511000000000422
480,2026-05-11 01:17:27,2026-05-11,1,XAUUSDm,sell,WT V11XAU S x1.8,ob,0.01,,4696.653,4699.244,4688.88,4695.705,SL,sl,2.5909999999994398,0.3658818988809437,0.75,0,,0,0.19,-0.689,4697.346,4697.013,2026-05-11 01:18:12,,,,,,,,,,,,,,,,,,,,,,,,,0.009480000000003201
482,2026-05-11 01:19:05,2026-05-11,1,XAUUSDm,sell,WT V11XAU S x1.8,ob,0.01,,4696.261,4698.788,4688.681,4695.335,SL,sl,2.526999999999134,0.36644242184436204,1.583,0,,0,0.193,-0.487,4696.995,4696.657,2026-05-11 01:20:40,,,,,,,,,,,,,,,,,,,,,,,,,0.009260000000003857
484,2026-05-11 01:21:14,2026-05-11,1,XAUUSDm,sell,WT V11XAU S x1.8,ob,0.01,,4696.415,4698.765,4689.366,4698.848,SL,sl,2.350000000000364,-1.0353191489360067,1.333,0,,1,0.202,-0.508,4697.05,4696.695,2026-05-11 01:22:34,,,,,,,,,,,,,,,,,,,,,,,,,-0.024329999999999928
486,2026-05-11 01:31:13,2026-05-11,1,XAUUSDm,sell,WT V11XAU S x1.8,ob,0.01,,4696.399,4698.478,4690.161,4695.927,SL,sl,2.0789999999997235,0.2270322270325757,0.533,0,,0,0.204,-0.565,4697.153,4696.795,2026-05-11 01:31:45,,,,,,,,,,,,,,,,,,,,,,,,,0.004720000000006621
488,2026-05-11 01:33:15,2026-05-11,1,XAUUSDm,sell,WT V11XAU S x1.8,ob,0.01,,4696.268,4698.497,4689.58,4698.517,SL,sl,2.229000000000269,-1.0089726334677096,0.083,0,,3,0.213,-0.47,4697.002,4696.628,2026-05-11 01:33:20,,,,,,,,,,,,,,,,,,,,,,,,,-0.022489999999997963
490,2026-05-11 01:36:56,2026-05-11,1,XAUUSDm,sell,WT V11XAU S x1.8,ob,0.01,,4696.465,4698.531,4690.268,4695.723,SL,sl,2.0659999999998035,0.3591481122944142,1.083,0,,4,0.225,-0.553,4697.167,4696.773,2026-05-11 01:38:01,,,,,,,,,,,,,,,,,,,,,,,,,0.007420000000001892
492,2026-05-11 01:38:38,2026-05-11,1,XAUUSDm,sell,WT V11XAU S x2.4,ob,0.01,,4696.943,4698.555,4692.106,4696.369,SL,sl,1.61200000000008,0.3560794044668085,0.867,0,,5,0.195,-0.809,4697.565,4697.223,2026-05-11 01:39:30,,,,,,,,,,,,,,,,,,,,,,,,,0.005740000000005239
494,2026-05-11 01:41:27,2026-05-11,1,XAUUSDm,sell,WT V11XAU S x1.8,ob,0.01,,4693.306,4695.105,4687.909,4692.632,SL,sl,1.7989999999999782,0.3746525847693087,1.183,0,,0,0.197,-0.681,4693.901,4693.666,2026-05-11 01:42:38,,,,,,,,,,,,,,,,,,,,,,,,,0.006739999999999782
496,2026-05-11 01:44:13,2026-05-11,1,XAUUSDm,sell,WT V11XAU S x1.8,ob,0.01,,4693.504,4695.129,4688.63,4695.133,SL,sl,1.625,-1.0024615384614803,0.3,0,,0,0.192,-0.78,4694.013,4693.784,2026-05-11 01:44:31,,,,,,,,,,,,,,,,,,,,,,,,,-0.016289999999999055
498,2026-05-11 01:47:00,2026-05-11,1,XAUUSDm,sell,WT V11XAU S x1.8,ob,0.01,,4693.727,4695.025,4689.833,4695.19,SL,sl,1.2979999999997744,-1.1271186440677907,0.133,0,,0,0.21,-0.99,4694.285,4694.035,2026-05-11 01:47:08,,,,,,,,,,,,,,,,,,,,,,,,,-0.014629999999997381
500,2026-05-11 01:56:21,2026-05-11,1,XAUUSDm,sell,WT V11XAU S x1.8,ob,0.01,,4684.148,4685.835,4679.086,4683.544,SL,sl,1.6869999999998981,0.35803200948447284,0.683,0,,1,0.2,-0.677,4684.689,4684.428,2026-05-11 01:57:02,,,,,,,,,,,,,,,,,,,,,,,,,0.0060400000000026925
502,2026-05-11 01:58:45,2026-05-11,1,XAUUSDm,sell,WT V11XAU S x1.8,ob,0.01,,4684.046,4685.81,4678.755,4685.839,SL,sl,1.7640000000001237,-1.016439909296791,0.067,0,,1,0.233,-0.687,4684.746,4684.442,2026-05-11 01:58:49,,,,,,,,,,,,,,,,,,,,,,,,,-0.017929999999996653
504,2026-05-11 02:09:01,2026-05-11,2,XAUUSDm,sell,WT V11XAU S x1.0,ob,0.01,,4683.867,4685.917,4681.914,4685.936,SL,sl,2.050000000000182,-1.009268292682596,2.483,0,,1,0.227,-0.461,4684.443,4684.147,2026-05-11 02:11:30,,,,,,,,,,,,,,,,,,,,,,,,,-0.020689999999995053
506,2026-05-11 02:31:20,2026-05-11,2,XAUUSDm,sell,WT V11XAU S x1.6,ob,0.01,,4693.695,4695.024,4691.063,4693.027,MARKET_CLOSE,market_close,1.329000000000633,0.5026335590664764,0.283,0,,2,0.22,-1.037,4694.354,4694.091,2026-05-11 02:31:37,,,,,,,,,,,,,,,,,,,,,,,,,0.006679999999996653
508,2026-05-11 02:37:03,2026-05-11,2,XAUUSDm,sell,WT V11XAU S x1.0,ob,0.01,,4696.829,4698.566,4694.876,4698.846,SL,sl,1.73700000000008,-1.1611974668967948,0.717,0,,2,0.21,-0.744,4697.478,4697.109,2026-05-11 02:37:46,,,,,,,,,,,,,,,,,,,,,,,,,-0.020169999999998255
510,2026-05-11 06:44:21,2026-05-11,6,XAUUSDm,sell,WT V11XAU S x1.8,ob,0.01,,4675.107,4676.501,4670.926,4674.665,SL,sl,1.3940000000002328,0.3170731707316596,0.383,0,,1,0.213,-0.516,4675.595,4675.387,2026-05-11 06:44:44,,,,,,,,,,,,,,,,,,,,,,,,,0.004420000000000073
512,2026-05-11 06:48:46,2026-05-11,6,XAUUSDm,sell,WT V11XAU S x1.8,ob,0.01,,4675.351,4676.456,4672.035,4676.494,SL,sl,1.105000000000473,-1.0343891402710768,0.133,0,,4,0.2,-0.766,4675.827,4675.631,2026-05-11 06:48:54,,,,,,,,,,,,,,,,,,,,,,,,,-0.01143000000000029
514,2026-05-11 06:52:11,2026-05-11,6,XAUUSDm,sell,WT V11XAU S x2.6,ob,0.01,,4675.293,4676.451,4671.818,4676.464,SL,sl,1.1580000000003565,-1.011226252158822,0.433,0,,1,0.339,-0.707,4675.905,4675.573,2026-05-11 06:52:37,,,,,,,,,,,,,,,,,,,,,,,,,-0.011710000000002765
516,2026-05-11 07:10:04,2026-05-11,7,XAUUSDm,sell,WT V11XAU S x1.6,ob,0.01,,4675.13,4676.369,4671.412,4676.388,SL,sl,1.238999999999578,-1.0153349475385305,0.267,0,,2,0.223,-0.54,4675.628,4675.41,2026-05-11 07:10:20,,,,,,,,,,,,,,,,,,,,,,,,,-0.012579999999998108
518,2026-05-15 01:14:21,2026-05-15,1,XAUUSDm,sell,WT V11XAU S x2.4,ob,0.01,,4614.051,4617.13,4604.815,4613.017,SL,sl,3.0789999999997235,0.3358233192597119,1.5,0,,5,0.184,-0.644,4614.945,4614.359,2026-05-15 01:15:51,,,,,,,,,,,,,,,,,,,,,,,,,0.010340000000005603
520,2026-05-15 01:16:01,2026-05-15,1,XAUUSDm,sell,WT V11XAU S x2.4,ob,0.01,,4615.37,4617.011,4610.447,4617.185,SL,sl,1.6410000000005311,-1.1060329067641206,0.05,0,,1,0.22,-1.059,4616.377,4615.678,2026-05-15 01:16:04,,,,,,,,,,,,,,,,,,,,,,,,,-0.018150000000005093
522,2026-05-15 18:03:02,2026-05-15,18,XAUUSDm,buy,WT V11XAU B x1.0,ob,0.01,,4558.831,4557.499,4560.654,4558.653,MARKET_CLOSE,market_close,1.3320000000003347,-0.13363363363351266,2.817,0,,2,0.184,-0.524,4558.299,4558.523,2026-05-15 18:05:51,,,,,,,,,,,,,,,,,,,,,,,,,-0.001779999999998836
524,2026-05-18 04:25:28,2026-05-18,4,XAUUSDm,buy,WT V11XAU B x1.2,ob,0.01,,4535.939,4534.577,4537.475,4536.756,MARKET_CLOSE,market_close,1.36200000000008,0.5998531571218497,0.05,0,,0,0.193,-0.698,4535.433,4535.631,2026-05-18 04:25:31,,,,,,,,,,,,,,,,,,,,,,,,,0.008170000000000073
526,2026-05-18 04:26:51,2026-05-18,4,XAUUSDm,buy,WT V11XAU B x1.2,ob,0.01,,4536.1,4534.614,4537.636,4536.884,MARKET_CLOSE,market_close,1.4860000000007858,0.5275908479133486,0.1,0,,0,0.232,-0.541,4535.554,4535.792,2026-05-18 04:26:57,,,,,,,,,,,,,,,,,,,,,,,,,0.007839999999996508
528,2026-05-18 04:28:01,2026-05-18,4,XAUUSDm,buy,WT V11XAU B x1.2,ob,0.01,,4535.671,4534.597,4537.207,4534.51,SL,sl,1.0740000000005239,-1.0810055865917056,0.1,0,,1,0.193,-0.96,4535.165,4535.363,2026-05-18 04:28:07,,,,,,,,,,,,,,,,,,,,,,,,,-0.011610000000000582
530,2026-05-18 04:56:09,2026-05-18,4,XAUUSDm,buy,WT V11XAU B x1.2,ob,0.01,,4535.694,4534.426,4537.23,4536.369,MARKET_CLOSE,market_close,1.268000000000029,0.5323343848574581,0.083,0,,3,0.22,-0.937,4535.161,4535.386,2026-05-18 04:56:14,,,,,,,,,,,,,,,,,,,,,,,,,0.0067499999999927245
532,2026-05-18 05:01:33,2026-05-18,5,XAUUSDm,buy,WT V11XAU B x1.2,ob,0.01,,4536.12,4534.464,4537.656,4537.781,TP,tp,1.655999999999949,1.0030193236715637,0.567,0,,1,0.238,-0.521,4535.568,4535.812,2026-05-18 05:02:07,,,,,,,,,,,,,,,,,,,,,,,,,0.016610000000000583
534,2026-05-18 05:03:01,2026-05-18,5,XAUUSDm,buy,WT V11XAU B x1.7,ob,0.01,,4535.464,4534.316,4537.0,4534.306,SL,sl,1.1480000000001382,-1.0087108013939172,0.117,0,,1,0.275,-1.162,4534.874,4535.156,2026-05-18 05:03:08,,,,,,,,,,,,,,,,,,,,,,,,,-0.011580000000003565
536,2026-05-18 05:05:00,2026-05-18,5,XAUUSDm,buy,WT V11XAU B x1.7,ob,0.01,,4536.069,4534.304,4537.605,4534.255,SL,sl,1.7650000000003274,-1.027762039660039,0.5,0,,0,0.263,-0.571,4535.492,4535.761,2026-05-18 05:05:30,,,,,,,,,,,,,,,,,,,,,,,,,-0.018140000000003056
538,2026-05-19 19:38:39,2026-05-19,19,XAUUSDm,sell,WT V11XAU S x1.8,ob,0.01,,4488.425,4489.826,4484.221,4487.987,SL,sl,1.40099999999984,0.31263383297655384,2.267,0,,0,0.233,-0.493,4488.974,4488.733,2026-05-19 19:40:55,,,,,,,,,,,,,,,,,,,,,,,,,0.0043800000000010185
540,2026-05-19 19:44:12,2026-05-19,19,XAUUSDm,sell,WT V11XAU S x1.8,ob,0.01,,4488.332,4489.746,4484.09,4487.941,SL,sl,1.41399999999976,0.2765205091941991,2.117,0,,0,0.343,-0.403,4488.995,4488.64,2026-05-19 19:46:19,,,,,,,,,,,,,,,,,,,,,,,,,0.003910000000005311
542,2026-05-19 23:04:27,2026-05-19,23,XAUUSDm,sell,WT V11XAU S x1.7,ob,0.01,,4483.238,4484.644,4481.492,4483.459,MARKET_CLOSE,market_close,1.405999999999949,-0.1571834992884473,1.95,0,,1,0.323,-0.473,4483.922,4483.546,2026-05-19 23:06:24,,,,,,,,,,,,,,,,,,,,,,,,,-0.002209999999995489
544,2026-05-19 23:06:55,2026-05-19,23,XAUUSDm,sell,WT V11XAU S x1.7,ob,0.01,,4483.417,4484.626,4481.671,4483.595,MARKET_CLOSE,market_close,1.2089999999998327,-0.14722911497097455,1.517,0,,5,0.269,-0.626,4484.038,4483.725,2026-05-19 23:08:26,,,,,,,,,,,,,,,,,,,,,,,,,-0.001779999999998836
546,2026-05-19 23:08:26,2026-05-19,23,XAUUSDm,sell,WT V11XAU S x1.7,ob,0.01,,4483.385,4484.629,4481.639,4484.651,SL,sl,1.2439999999996871,-1.0176848874597588,0.333,0,,0,0.326,-0.599,4484.073,4483.693,2026-05-19 23:08:46,,,,,,,,,,,,,,,,,,,,,,,,,-0.012659999999996216
