time,open,high,low,close,tick_volume,spread,real_volume
2026.01.01 00:00,87507.82,87942.90,87489.54,87704.59,5574,1800,0
2026.01.01 04:00,87704.50,87711.39,87379.42,87484.42,4570,1800,0
2026.01.01 08:00,87477.65,87885.86,87456.75,87873.81,4921,1800,0
2026.01.01 12:00,87875.69,88009.19,87689.18,87914.24,5686,1800,0
2026.01.01 16:00,87914.34,88396.38,87756.53,88276.30,6852,1800,0
2026.01.01 20:00,88275.19,88800.62,88108.68,88733.79,6632,1800,0
2026.01.02 00:00,88733.95,89029.36,88254.03,88839.69,9035,1800,0
2026.01.02 04:00,88841.30,88990.17,88460.13,88762.52,6449,1800,0
2026.01.02 08:00,88764.02,89841.38,88702.09,89411.08,10694,1800,0
2026.01.02 12:00,89408.62,90095.98,88391.50,89352.70,23792,1800,0
2026.01.02 16:00,89346.91,90942.72,89131.03,89855.20,26593,1800,0
2026.01.02 20:00,89854.34,90371.97,89567.29,89954.51,9914,1800,0
2026.01.03 00:00,89947.22,90371.84,89923.32,90282.32,6543,1800,0
2026.01.03 04:00,90283.57,90449.62,89263.59,89532.00,7810,1800,0
2026.01.03 08:00,89533.57,89949.41,89388.09,89697.57,7891,1800,0
2026.01.03 12:00,89697.79,90192.08,89602.27,89921.74,6827,1800,0
2026.01.03 16:00,89929.94,90167.15,89862.25,90078.42,5637,1800,0
2026.01.03 20:00,90078.31,90693.04,89960.35,90582.25,7049,1800,0
2026.01.04 00:00,90581.29,91585.66,90581.29,91195.42,12003,1800,0
2026.01.04 04:00,91189.61,91780.14,91140.36,91471.66,8837,1800,0
2026.01.04 08:00,91471.76,91586.90,91104.29,91266.91,8827,1800,0
2026.01.04 12:00,91266.56,91370.18,90980.25,91283.22,8448,1800,0
2026.01.04 16:00,91282.50,91424.21,90798.45,91109.04,8185,1800,0
2026.01.04 20:00,91109.14,91564.91,91079.87,91488.33,8363,1800,0
2026.01.05 00:00,91484.85,93371.15,91464.97,92837.50,19424,1800,0
2026.01.05 04:00,92829.13,92923.87,92087.90,92479.47,8891,1800,0
2026.01.05 08:00,92481.94,93107.54,92266.91,93074.54,9332,1800,0
2026.01.05 12:00,93082.17,94009.58,92355.51,93921.03,22806,1800,0
2026.01.05 16:00,93921.09,94519.02,93227.08,94282.68,18604,1800,0
2026.01.05 20:00,94283.22,94816.27,93802.45,93870.62,11806,1800,0
2026.01.06 00:00,93872.83,94170.77,93507.74,93752.82,9987,1800,0
2026.01.06 04:00,93754.29,93998.21,93095.98,93217.32,8827,1800,0
2026.01.06 08:00,93216.01,93875.11,93127.07,93812.75,7955,1800,0
2026.01.06 12:00,93813.73,94432.23,93313.22,93616.49,19152,1800,0
2026.01.06 16:00,93606.01,93748.78,91198.12,92030.02,24033,1800,0
2026.01.06 20:00,92029.94,93806.90,92029.94,93713.30,15009,1800,0
2026.01.07 00:00,93713.15,93718.52,92173.69,92758.77,12973,1800,0
2026.01.07 04:00,92759.50,92871.25,92430.94,92820.08,7903,1800,0
2026.01.07 08:00,92817.90,92911.25,91514.24,92004.22,11027,1800,0
2026.01.07 12:00,92006.95,92214.33,90951.95,91268.57,21461,1800,0
2026.01.07 16:00,91268.57,91714.17,90576.08,91082.82,16625,1800,0
2026.01.07 20:00,91083.00,91409.83,90675.32,91279.42,10875,1800,0
2026.01.08 00:00,91284.62,91604.46,90497.56,90713.59,10931,1800,0
2026.01.08 04:00,90713.33,91079.80,89511.41,90419.64,13330,1800,0
2026.01.08 08:00,90423.93,90658.13,89655.54,90094.45,11747,1800,0
2026.01.08 12:00,90101.08,90737.31,89174.25,90674.11,22514,1800,0
2026.01.08 16:00,90671.36,91402.77,90212.39,90859.87,16431,1800,0
2026.01.08 20:00,90859.77,91415.21,90475.22,91025.51,10045,1800,0
2026.01.09 00:00,91025.85,91570.36,90758.16,91120.06,10449,1800,0
2026.01.09 04:00,91118.70,91142.66,90632.17,90650.79,7525,1800,0
2026.01.09 08:00,90652.71,90748.25,89584.40,90332.48,11076,1800,0
2026.01.09 12:00,90332.57,91945.69,89744.04,91076.08,24607,1800,0
2026.01.09 16:00,91079.48,91690.14,90070.97,90216.59,18427,1800,0
2026.01.09 20:00,90218.02,90606.34,90003.64,90513.19,9117,1800,0
2026.01.10 00:00,90509.29,90657.06,90382.78,90501.73,5612,1800,0
2026.01.10 04:00,90502.75,90560.97,90260.66,90540.11,4939,1800,0
2026.01.10 08:00,90537.17,90710.11,90488.13,90605.28,5626,1800,0
2026.01.10 12:00,90605.20,90667.10,90404.51,90535.43,4457,1800,0
2026.01.10 16:00,90517.53,90618.05,90377.61,90497.34,3556,1800,0
2026.01.10 20:00,90499.11,90535.41,90271.85,90388.59,4261,1800,0
2026.01.11 00:00,90388.42,90621.82,90324.39,90616.16,4514,1800,0
2026.01.11 04:00,90606.60,90727.42,90462.40,90576.78,3887,1800,0
2026.01.11 08:00,90585.38,90698.01,90483.87,90632.76,4338,1800,0
2026.01.11 12:00,90627.98,91071.14,90575.20,90738.39,6598,1800,0
2026.01.11 16:00,90747.15,91166.78,90524.03,90546.07,6308,1800,0
2026.01.11 20:00,90548.31,90916.36,90091.61,90874.30,9263,1800,0
2026.01.12 00:00,90862.52,92400.22,90550.09,91683.08,17867,1800,0
2026.01.12 04:00,91686.33,92162.88,91256.83,91285.24,8726,1800,0
2026.01.12 08:00,91283.70,91505.65,90231.43,90485.92,12292,1800,0
2026.01.12 12:00,90486.02,91589.02,89998.18,91566.07,18204,1800,0
2026.01.12 16:00,91566.22,92250.12,90947.59,91786.60,18013,1800,0
2026.01.12 20:00,91789.45,91982.45,90842.61,91193.84,9051,1800,0
2026.01.13 00:00,91187.84,91459.84,90929.13,91308.30,7841,1800,0
2026.01.13 04:00,91309.86,92185.96,91238.39,91829.81,9986,1800,0
2026.01.13 08:00,91830.76,92598.84,91815.67,91908.35,9697,1800,0
2026.01.13 12:00,91910.44,93406.17,91677.09,93406.17,22286,1800,0
2026.01.13 16:00,93410.67,94223.78,93012.50,94207.93,18544,1800,0
2026.01.13 20:00,94207.80,96730.96,94043.35,95376.06,21968,1800,0
2026.01.14 00:00,95376.80,95678.95,95083.63,95663.47,11383,1800,0
2026.01.14 04:00,95664.05,95760.69,94420.59,95172.67,10620,1800,0
2026.01.14 08:00,95169.19,95302.23,94690.07,94763.23,9434,1800,0
2026.01.14 12:00,94763.10,97104.59,94634.40,96757.30,23463,1800,0
2026.01.14 16:00,96757.40,97824.23,96224.49,97265.07,22352,1800,0
2026.01.14 20:00,97266.57,97968.49,96766.48,96955.27,13925,1800,0
2026.01.15 00:00,96955.15,97005.82,95744.27,95944.07,12866,1800,0
2026.01.15 04:00,95944.90,96745.71,95906.86,96630.06,10188,1800,0
2026.01.15 08:00,96626.61,97180.02,96269.09,96566.57,9068,1800,0
2026.01.15 12:00,96564.91,97128.98,95402.44,96732.09,22291,1800,0
2026.01.15 16:00,96729.62,97040.78,95095.24,95474.68,19179,1800,0
2026.01.15 20:00,95472.16,95849.28,95092.85,95587.59,9304,1800,0
2026.01.16 00:00,95590.00,95834.54,95277.41,95313.58,7321,1800,0
2026.01.16 04:00,95313.40,95800.52,95117.76,95624.12,7667,1800,0
2026.01.16 08:00,95625.15,95819.05,95217.99,95389.97,6449,1800,0
2026.01.16 12:00,95389.23,95767.86,94231.51,94538.00,17423,1800,0
2026.01.16 16:00,94542.72,95179.87,94451.56,94947.34,12177,1800,0
2026.01.16 20:00,94948.95,95577.71,94627.58,95504.70,7711,1800,0
2026.01.17 00:00,95501.68,95540.17,95139.49,95313.71,4523,1800,0
2026.01.17 04:00,95314.79,95346.64,95008.52,95063.72,4032,1800,0
2026.01.17 08:00,95061.41,95296.34,94978.48,95288.01,4485,1800,0
2026.01.17 12:00,95281.25,95633.01,95153.68,95540.47,5486,1800,0
2026.01.17 16:00,95540.29,95540.29,95171.82,95263.94,4950,1800,0
2026.01.17 20:00,95263.89,95372.77,95005.68,95118.69,4576,1800,0
2026.01.18 00:00,95118.55,95201.79,94825.48,95145.26,5378,1800,0
2026.01.18 04:00,95146.55,95232.10,94980.95,94992.23,4205,1800,0
2026.01.18 08:00,94992.38,95254.58,94976.83,95127.93,4823,1800,0
2026.01.18 12:00,95133.33,95317.39,94857.60,95063.07,5354,1800,0
2026.01.18 16:00,95063.18,95494.40,95027.80,95335.30,6093,1800,0
2026.01.18 20:00,95333.78,95496.25,93565.60,93639.75,11130,1800,0
2026.01.19 00:00,93639.83,93639.83,91858.97,92655.09,26475,1800,0
2026.01.19 04:00,92649.46,92801.58,92341.32,92781.76,7685,1800,0
2026.01.19 08:00,92784.30,93317.61,92638.07,93137.84,8307,1800,0
2026.01.19 12:00,93140.26,93174.78,92641.31,93001.25,8338,1800,0
2026.01.19 16:00,93002.72,93367.48,92868.91,93046.52,7004,1800,0
2026.01.19 20:00,93054.29,93298.39,92079.14,92570.84,8282,1800,0
2026.01.20 00:00,92562.82,92808.78,92176.25,92363.62,9304,1800,0
2026.01.20 04:00,92368.82,92404.89,90669.29,91078.60,15895,1800,0
2026.01.20 08:00,91079.07,91365.75,90556.88,91136.79,10375,1800,0
2026.01.20 12:00,91141.89,91302.13,89753.24,90577.02,24098,1800,0
2026.01.20 16:00,90576.16,90887.81,89175.93,89600.70,19871,1800,0
2026.01.20 20:00,89600.54,89728.33,87696.18,88322.45,16814,1800,0
2026.01.21 00:00,88323.62,89495.68,88133.82,89318.21,11678,1800,0
2026.01.21 04:00,89318.90,90010.21,88977.95,89100.97,8522,1800,0
2026.01.21 08:00,89100.26,89388.54,88574.73,88696.21,8125,1800,0
2026.01.21 12:00,88690.02,90500.14,88047.41,90196.18,30059,1800,0
2026.01.21 16:00,90204.87,90386.85,87167.72,90280.58,41427,1800,0
2026.01.21 20:00,90278.56,90319.74,89271.00,89358.62,15574,1800,0
2026.01.22 00:00,89358.71,90273.54,89358.71,89800.25,10490,1800,0
2026.01.22 04:00,89797.96,90128.45,89697.36,89729.95,6901,1800,0
2026.01.22 08:00,89731.88,90073.40,89656.57,89840.68,7132,1800,0
2026.01.22 12:00,89847.11,90247.47,88410.38,88898.18,21948,1800,0
2026.01.22 16:00,88898.79,89844.16,88575.18,89683.86,19206,1800,0
2026.01.22 20:00,89685.56,89872.27,89037.90,89470.07,8909,1800,0
2026.01.23 00:00,89470.72,89897.48,89346.74,89827.55,7018,1800,0
2026.01.23 04:00,89828.24,89993.34,89284.04,89419.48,7858,1800,0
2026.01.23 08:00,89419.88,89514.68,88731.73,89092.12,9135,1800,0
2026.01.23 12:00,89091.27,89770.51,88442.52,89642.28,17643,1800,0
2026.01.23 16:00,89642.15,91133.30,89364.22,89886.26,22359,1800,0
2026.01.23 20:00,89881.02,90064.25,89097.11,89484.25,9912,1800,0
2026.01.24 00:00,89486.07,89796.66,89297.92,89643.52,4846,1800,0
2026.01.24 04:00,89643.46,89738.23,89426.55,89478.83,3631,1800,0
2026.01.24 08:00,89476.58,89547.79,89432.20,89448.84,3024,1800,0
2026.01.24 12:00,89448.98,89462.02,89031.52,89144.20,4565,1800,0
2026.01.24 16:00,89147.71,89318.48,89019.27,89190.89,3981,1800,0
2026.01.24 20:00,89190.97,89351.23,89065.94,89092.80,3532,1800,0
2026.01.25 00:00,89092.60,89180.68,88695.73,88809.02,4625,1800,0
2026.01.25 04:00,88811.02,88951.62,88498.92,88525.02,4957,1800,0
2026.01.25 08:00,88524.85,88620.80,87982.11,88427.13,6683,1800,0
2026.01.25 12:00,88430.00,88859.41,88233.06,88329.63,7168,1800,0
2026.01.25 16:00,88326.14,88335.98,86070.41,86407.79,25173,1800,0
2026.01.25 20:00,86407.83,86921.61,85962.61,86569.02,15572,1800,0
2026.01.26 00:00,86567.90,87856.20,86401.16,87157.25,14338,1800,0
2026.01.26 04:00,87152.01,87984.74,87105.21,87905.69,9081,1800,0
2026.01.26 08:00,87906.51,88296.57,87488.40,87749.86,8084,1800,0
2026.01.26 12:00,87748.71,88780.11,87235.86,87553.27,20064,1800,0
2026.01.26 16:00,87555.34,88450.60,86916.22,87913.25,16438,1800,0
2026.01.26 20:00,87910.23,88582.11,87439.39,88242.00,8716,1800,0
2026.01.27 00:00,88243.23,88801.52,88097.31,88677.59,7627,1800,0
2026.01.27 04:00,88672.06,88912.72,88159.16,88219.27,6382,1800,0
2026.01.27 08:00,88218.72,88295.11,87610.05,87862.14,6939,1800,0
2026.01.27 12:00,87859.51,88339.41,87432.42,87911.96,14546,1800,0
2026.01.27 16:00,87911.49,88712.21,87187.04,88293.51,21137,1800,0
2026.01.27 20:00,88292.10,89429.32,88250.89,89126.74,12945,1800,0
2026.01.28 00:00,89125.38,89383.18,88849.25,88994.52,8036,1800,0
2026.01.28 04:00,88994.78,89278.31,88706.90,89012.06,7398,1800,0
2026.01.28 08:00,89007.98,90044.21,88732.10,89950.30,10236,1800,0
2026.01.28 12:00,89949.81,90372.93,88767.17,89353.91,19285,1800,0
2026.01.28 16:00,89356.26,90496.15,88883.10,89271.46,21733,1800,0
2026.01.28 20:00,89271.89,89781.00,88721.13,89160.41,11291,1800,0
2026.01.29 00:00,89159.30,89219.22,87555.23,87902.40,14539,1800,0
2026.01.29 04:00,87895.57,88293.50,87757.74,88220.22,6708,1800,0
2026.01.29 08:00,88217.58,88357.15,87591.31,87682.23,7856,1800,0
2026.01.29 12:00,87682.35,88030.83,84220.00,84796.32,24701,1800,0
2026.01.29 16:00,84797.91,85501.13,83223.37,83847.65,30774,1800,0
2026.01.29 20:00,83854.39,84605.79,83646.89,84508.59,10394,1800,0
2026.01.30 00:00,84505.38,84604.23,80935.37,82547.53,35369,1800,0
2026.01.30 04:00,82547.01,83208.67,81919.52,82655.28,14637,1800,0
2026.01.30 08:00,82652.60,83173.36,82006.36,83007.17,14891,1800,0
2026.01.30 12:00,83008.83,83682.62,82234.56,82757.83,29153,1800,0
2026.01.30 16:00,82756.92,84520.82,81731.29,84122.23,39754,1800,0
2026.01.30 20:00,84126.74,84359.56,83398.04,84106.76,19073,1800,0
2026.01.31 00:00,84107.55,84147.83,83666.17,83875.43,7085,1800,0
2026.01.31 04:00,83874.60,83999.17,83327.08,83404.59,5716,1800,0
2026.01.31 08:00,83403.05,83484.39,82422.05,82873.99,13172,1800,0
2026.01.31 12:00,82871.24,83002.96,80677.91,81179.64,29307,1800,0
2026.01.31 16:00,81179.55,82104.11,75480.52,77633.35,85878,1800,0
2026.01.31 20:00,77636.05,79139.19,76967.36,78630.76,29276,1800,0
2026.02.01 00:00,78654.77,79349.55,78188.30,78780.05,19358,1800,0
2026.02.01 04:00,78789.09,79053.81,77872.55,78278.87,12991,1800,0
2026.02.01 08:00,78278.75,79162.39,78060.94,78687.67,14372,1800,0
2026.02.01 12:00,78683.84,78702.31,76702.94,77534.80,28971,1800,0
2026.02.01 16:00,77525.48,78391.41,76906.66,77088.38,27486,1800,0
2026.02.01 20:00,77090.18,77714.23,75612.66,76899.00,43944,1800,0
2026.02.02 00:00,76898.02,78078.65,74524.98,76214.37,60039,1800,0
2026.02.02 04:00,76214.61,76875.99,74817.04,76566.20,53984,1800,0
2026.02.02 08:00,76561.27,77891.03,76517.84,77672.90,24898,1800,0
2026.02.02 12:00,77676.15,79317.84,77496.95,78816.17,41333,1800,0
2026.02.02 16:00,78813.11,79266.65,78211.45,78281.39,25165,1800,0
2026.02.02 20:00,78278.84,78911.00,77812.61,78664.72,15340,1800,0
2026.02.03 00:00,78662.85,79132.94,77571.41,78679.81,18918,1800,0
2026.02.03 04:00,78673.78,78926.53,77871.62,78711.28,14660,1800,0
2026.02.03 08:00,78713.04,79021.16,77861.81,78004.02,16622,1800,0
2026.02.03 12:00,78003.26,78387.03,76966.75,78059.27,34079,1800,0
2026.02.03 16:00,78060.60,78067.91,72845.86,74830.98,60821,1800,0
2026.02.03 20:00,74829.27,76872.46,74488.36,75658.95,31828,1800,0
2026.02.04 00:00,75658.69,76893.35,75350.93,76603.02,19811,1800,0
2026.02.04 04:00,76603.45,76744.88,76009.74,76407.80,11080,1800,0
2026.02.04 08:00,76410.50,76502.21,75545.95,75910.29,15658,1800,0
2026.02.04 12:00,75910.32,76161.18,73678.66,74016.77,48408,1800,0
2026.02.04 16:00,74019.33,74128.08,71984.03,73769.54,66185,1800,0
2026.02.04 20:00,73767.40,73999.52,71695.75,73000.81,31758,1800,0
2026.02.05 00:00,72998.18,73180.92,71013.81,71087.48,45221,1800,0
2026.02.05 04:00,71088.72,71495.89,69980.81,70593.79,41438,1800,0
2026.02.05 08:00,70596.48,71847.81,69790.86,70186.53,32898,1800,0
2026.02.05 12:00,70188.03,70760.14,66552.19,67367.56,87116,1800,0
2026.02.05 16:00,67371.75,68555.75,65042.51,65123.51,91453,1800,0
2026.02.05 20:00,65126.12,65564.51,62111.70,62790.83,114776,1800,0
2026.02.06 00:00,62791.15,65930.31,59781.19,64081.59,120466,1800,0
2026.02.06 04:00,64077.13,66726.92,63875.14,64767.68,44153,1800,0
2026.02.06 08:00,64764.23,66701.42,64390.81,66537.83,35896,1800,0
2026.02.06 12:00,66534.84,69157.39,66016.19,68605.68,62141,1800,0
2026.02.06 16:00,68603.32,71462.57,68386.27,70657.01,56300,1800,0
2026.02.06 20:00,70659.44,71689.21,69775.39,70521.16,31158,1800,0
2026.02.07 00:00,70521.24,70896.04,69660.03,70878.42,25644,1800,0
2026.02.07 04:00,70880.70,71657.79,67272.91,68046.49,42451,1800,0
2026.02.07 08:00,68044.09,68778.12,67542.16,67925.38,24447,1800,0
2026.02.07 12:00,67918.13,69942.95,67849.09,69085.07,35884,1800,0
2026.02.07 16:00,69089.15,69848.74,68485.34,69324.85,33741,1800,0
2026.02.07 20:00,69309.08,69679.06,68724.45,69240.90,12606,1800,0
2026.02.08 00:00,69242.99,69652.01,68835.37,69049.80,13638,1800,0
2026.02.08 04:00,69048.81,69660.97,68909.19,69641.05,9988,1800,0
2026.02.08 08:00,69642.07,71159.08,69452.43,70931.31,23344,1800,0
2026.02.08 12:00,70927.13,71513.02,70638.67,71132.36,19607,1800,0
2026.02.08 16:00,71122.73,71472.97,70193.65,71375.44,18817,1800,0
2026.02.08 20:00,71372.57,72252.16,69922.95,70273.30,26355,1800,0
2026.02.09 00:00,70271.00,71390.31,69999.40,71236.74,28812,1800,0
2026.02.09 04:00,71231.54,71290.46,70229.55,70368.46,15481,1800,0
2026.02.09 08:00,70367.90,70555.82,68343.97,68863.61,25366,1800,0
2026.02.09 12:00,68866.47,69827.07,68230.95,69528.22,37708,1800,0
2026.02.09 16:00,69524.97,71040.28,69037.30,70914.62,33391,1800,0
2026.02.09 20:00,70913.37,71091.85,69770.81,70102.59,16810,1800,0
2026.02.10 00:00,70102.82,70499.83,69152.03,69458.87,16394,1800,0
2026.02.10 04:00,69458.32,69866.04,68622.68,68862.01,16182,1800,0
2026.02.10 08:00,68862.85,69349.44,68383.02,68459.42,13496,1800,0
2026.02.10 12:00,68459.81,69540.87,67852.37,69242.73,37925,1800,0
2026.02.10 16:00,69239.78,69962.74,68551.61,69019.15,30050,1800,0
2026.02.10 20:00,69020.38,69101.49,68300.05,68794.99,14015,1800,0
2026.02.11 00:00,68795.63,69245.33,67954.78,68136.13,14056,1800,0
2026.02.11 04:00,68126.95,68278.84,66498.23,66982.98,25184,1800,0
2026.02.11 08:00,66981.40,67086.38,66334.72,67023.10,17041,1800,0
2026.02.11 12:00,67016.57,68812.17,65706.13,66480.70,55572,1800,0
2026.02.11 16:00,66476.30,67813.80,65818.46,67531.79,38810,1800,0
2026.02.11 20:00,67530.58,68293.08,66726.75,67019.76,19627,1800,0
2026.02.12 00:00,67028.19,67995.27,66990.62,67523.23,16177,1800,0
2026.02.12 04:00,67524.15,67635.03,66605.67,67158.26,14848,1800,0
2026.02.12 08:00,67155.64,68251.14,66837.75,68024.16,15542,1800,0
2026.02.12 12:00,68021.61,68381.30,66959.45,67086.22,34094,1800,0
2026.02.12 16:00,67088.48,67202.80,65061.37,65739.99,50235,1800,0
2026.02.12 20:00,65741.04,66424.84,65142.23,66210.65,18195,1800,0
2026.02.13 00:00,66210.59,66756.48,65796.01,66497.92,15111,1800,0
2026.02.13 04:00,66492.15,66622.43,65942.24,66141.36,12920,1800,0
2026.02.13 08:00,66141.58,67174.62,66117.34,67113.08,15426,1800,0
2026.02.13 12:00,67112.41,69275.23,66807.89,68640.07,43369,1800,0
2026.02.13 16:00,68639.97,69439.35,68489.00,68892.91,29133,1800,0
2026.02.13 20:00,68900.63,69049.15,68632.15,68807.87,12499,1800,0
2026.02.14 00:00,68813.33,69108.94,68713.96,68936.57,7340,1800,0
2026.02.14 04:00,68932.51,69299.98,68683.10,69174.16,6360,1800,0
2026.02.14 08:00,69170.44,70551.49,69164.26,70453.14,14213,1800,0
2026.02.14 12:00,70449.30,70492.50,69167.45,69766.62,16396,1800,0
2026.02.14 16:00,69765.07,69895.77,69257.60,69846.05,11805,1800,0
2026.02.14 20:00,69841.14,70223.66,69621.72,69789.48,10138,1800,0
2026.02.15 00:00,69790.09,69958.08,69203.90,69923.53,12313,1800,0
2026.02.15 04:00,69925.13,70895.99,69915.19,70787.25,12619,1800,0
2026.02.15 08:00,70783.00,70937.05,70127.09,70256.08,11348,1800,0
2026.02.15 12:00,70254.37,70388.20,68731.84,69060.98,18897,1800,0
2026.02.15 16:00,69058.34,69063.26,68028.18,68237.85,17779,1800,0
2026.02.15 20:00,68238.27,69040.16,68074.17,68789.18,12197,1800,0
2026.02.16 00:00,68787.23,69024.33,68106.77,68383.36,12217,1800,0
2026.02.16 04:00,68386.51,68853.93,68180.35,68534.57,9129,1800,0
2026.02.16 08:00,68535.46,69024.78,68298.05,68757.49,10479,1800,0
2026.02.16 12:00,68754.26,70095.37,67239.97,67502.09,34351,1800,0
2026.02.16 16:00,67503.80,68207.16,67461.03,67880.54,14100,1800,0
2026.02.16 20:00,67877.92,68948.48,67771.56,68848.54,11460,1800,0
2026.02.17 00:00,68848.88,69208.67,68335.56,68433.65,14152,1800,0
2026.02.17 04:00,68432.92,68666.17,67842.43,68349.99,11209,1800,0
2026.02.17 08:00,68354.39,68441.61,67633.81,67806.03,10931,1800,0
2026.02.17 12:00,67807.12,68337.85,66562.01,67351.16,30878,1800,0
2026.02.17 16:00,67351.70,68201.09,66836.66,67754.88,29584,1800,0
2026.02.17 20:00,67754.93,67892.38,67335.33,67467.85,11192,1800,0
2026.02.18 00:00,67467.49,67660.11,66840.83,67581.04,10570,1800,0
2026.02.18 04:00,67583.35,68189.92,67445.67,68069.15,9046,1800,0
2026.02.18 08:00,68075.85,68435.51,67046.81,67346.46,12398,1800,0
2026.02.18 12:00,67345.45,68324.14,66673.46,67660.55,24622,1800,0
2026.02.18 16:00,67660.23,67676.80,65817.56,66134.90,25972,1800,0
2026.02.18 20:00,66141.28,66501.25,65985.42,66411.30,11917,1800,0
2026.02.19 00:00,66410.33,66971.03,66291.88,66934.76,9881,1800,0
2026.02.19 04:00,66934.38,67292.58,66638.83,67166.39,9061,1800,0
2026.02.19 08:00,67162.46,67162.46,66431.81,66459.47,10128,1800,0
2026.02.19 12:00,66457.86,66731.18,65597.36,66357.60,25475,1800,0
2026.02.19 16:00,66356.43,67176.78,65852.28,67022.02,22379,1800,0
2026.02.19 20:00,67021.34,67151.73,66608.35,66973.74,9985,1800,0
2026.02.20 00:00,66968.02,67486.70,66908.01,67317.96,10086,1800,0
2026.02.20 04:00,67317.57,67994.00,67070.56,67800.90,9930,1800,0
2026.02.20 08:00,67801.78,68296.59,67256.13,67299.32,10705,1800,0
2026.02.20 12:00,67300.85,68094.01,66417.00,67554.90,33551,1800,0
2026.02.20 16:00,67563.68,67991.22,66926.59,67615.28,25984,1800,0
2026.02.20 20:00,67614.51,68222.64,67489.00,67972.98,9389,1800,0
2026.02.21 00:00,67978.22,68087.23,67496.72,67642.35,6624,1800,0
2026.02.21 04:00,67646.10,67907.01,67556.59,67834.14,4998,1800,0
2026.02.21 08:00,67830.69,68285.04,67779.27,68068.07,6377,1800,0
2026.02.21 12:00,68063.62,68691.02,67893.25,68580.60,8126,1800,0
2026.02.21 16:00,68584.11,68646.74,68072.34,68529.74,7632,1800,0
2026.02.21 20:00,68529.26,68580.44,67874.69,67951.79,6776,1800,0
2026.02.22 00:00,67947.22,68205.44,67770.98,68016.56,6794,1800,0
2026.02.22 04:00,68017.92,68209.90,67849.98,67980.61,4873,1800,0
2026.02.22 08:00,67978.82,68227.91,67890.38,68188.89,4934,1800,0
2026.02.22 12:00,68188.85,68217.55,67276.50,67665.84,9945,1800,0
2026.02.22 16:00,67666.11,67704.28,67141.94,67386.89,6272,1800,0
2026.02.22 20:00,67386.16,67722.46,67308.93,67609.03,6684,1800,0
2026.02.23 00:00,67613.71,67649.62,64258.82,64910.45,29942,1800,0
2026.02.23 04:00,64939.00,65997.68,64641.78,65928.92,12187,1800,0
2026.02.23 08:00,65926.53,66591.51,65543.11,66192.49,12353,1800,0
2026.02.23 12:00,66195.57,66506.11,65504.30,65632.83,22580,1800,0
2026.02.23 16:00,65633.13,65712.27,64050.80,64275.25,25439,1800,0
2026.02.23 20:00,64273.83,64997.40,63854.86,64622.15,12886,1800,0
2026.02.24 00:00,64622.99,64981.22,63298.97,63565.15,24829,1800,0
2026.02.24 04:00,63565.35,63599.51,62668.36,63155.93,19530,1800,0
2026.02.24 08:00,63155.96,63406.93,62907.58,63199.43,11984,1800,0
2026.02.24 12:00,63200.74,64026.04,62410.13,63958.74,27670,1800,0
2026.02.24 16:00,63959.86,64743.90,63683.79,64436.98,20052,1800,0
2026.02.24 20:00,64435.14,64588.00,63794.26,64060.22,10269,1800,0
2026.02.25 00:00,64061.81,66305.96,63895.95,65385.81,25097,1800,0
2026.02.25 04:00,65384.19,65651.04,64735.79,65018.92,12480,1800,0
2026.02.25 08:00,65016.01,65693.53,64942.80,65415.93,10459,1800,0
2026.02.25 12:00,65416.93,67590.13,65294.21,67402.37,28359,1800,0
2026.02.25 16:00,67400.64,69576.16,67397.86,69041.03,31640,1800,0
2026.02.25 20:00,69041.50,70049.54,67586.07,67989.81,25236,1800,0
2026.02.26 00:00,67989.30,68709.75,67721.18,68209.81,19219,1800,0
2026.02.26 04:00,68209.63,68868.52,67813.52,67833.85,13559,1800,0
2026.02.26 08:00,67836.51,68716.11,67775.18,68048.92,12290,1800,0
2026.02.26 12:00,68048.83,68296.12,66750.82,67388.63,30619,1800,0
2026.02.26 16:00,67389.41,67916.32,66486.50,67578.23,26396,1800,0
2026.02.26 20:00,67578.69,67821.48,67139.69,67485.48,10350,1800,0
2026.02.27 00:00,67481.77,67705.94,66870.52,67588.84,13908,1800,0
2026.02.27 04:00,67589.05,68214.45,67443.88,67671.37,11991,1800,0
2026.02.27 08:00,67670.87,68161.63,65948.02,66123.95,19814,1800,0
2026.02.27 12:00,66122.16,66347.34,65650.91,66095.45,26965,1800,0
2026.02.27 16:00,66095.19,66118.85,65092.12,65368.15,19459,1800,0
2026.02.27 20:00,65375.11,65944.13,64898.05,65854.93,11231,1800,0
2026.02.28 00:00,65853.09,66021.16,65695.49,65791.45,7246,1800,0
2026.02.28 04:00,65787.87,65812.85,63006.86,63815.42,29976,1800,0
2026.02.28 08:00,63820.09,64306.02,63348.35,63839.60,17408,1800,0
2026.02.28 12:00,63841.75,65361.72,63817.25,64834.21,23945,1800,0
2026.02.28 16:00,64831.58,66671.44,64668.10,66344.72,19553,1800,0
2026.02.28 20:00,66348.16,67764.99,66178.44,66969.44,22534,1800,0
2026.03.01 00:00,66961.01,68203.76,66042.65,67502.75,24567,1800,0
2026.03.01 04:00,67503.46,67608.25,66776.62,67136.34,11823,1800,0
2026.03.01 08:00,67146.55,67295.71,66205.27,66464.52,13284,1800,0
2026.03.01 12:00,66453.24,67361.74,66127.83,66849.09,20205,1800,0
2026.03.01 16:00,66852.22,67112.53,65708.09,65952.14,19616,1800,0
2026.03.01 20:00,65949.25,66810.74,65021.34,65769.31,22188,1800,0
2026.03.02 00:00,65769.42,67111.56,65742.92,66807.22,26256,1800,0
2026.03.02 04:00,66811.96,66994.27,65536.39,65999.20,17340,1800,0
2026.03.02 08:00,66002.27,66730.91,65635.56,66354.85,18197,1800,0
2026.03.02 12:00,66346.90,69627.90,65240.93,69128.51,45618,1800,0
2026.03.02 16:00,69118.35,70145.72,68569.78,68967.03,33653,1800,0
2026.03.02 20:00,68967.68,69553.80,68574.92,68824.76,19764,1800,0
2026.03.03 00:00,68827.28,69253.56,68160.81,68356.78,19291,1800,0
2026.03.03 04:00,68359.14,68563.63,67774.58,68159.51,15793,1800,0
2026.03.03 08:00,68159.41,68303.36,66298.64,67009.18,24976,1800,0
2026.03.03 12:00,67007.22,67971.73,66094.46,67715.17,43794,1800,0
2026.03.03 16:00,67706.29,68991.97,67459.86,68436.94,43245,1800,0
2026.03.03 20:00,68438.01,68857.51,67805.70,68329.63,16872,1800,0
2026.03.04 00:00,68328.89,68908.02,67379.81,67715.79,23561,1800,0
2026.03.04 04:00,67716.80,69679.85,67438.77,69481.15,20854,1800,0
2026.03.04 08:00,69485.41,71898.13,69123.21,71101.82,36339,1800,0
2026.03.04 12:00,71101.16,73495.96,70580.75,73397.81,45150,1800,0
2026.03.04 16:00,73397.07,74120.15,72544.38,73667.84,34326,1800,0
2026.03.04 20:00,73668.17,73761.10,72309.83,72683.67,17014,1800,0
2026.03.05 00:00,72685.71,73348.00,72339.11,72516.03,18986,1800,0
2026.03.05 04:00,72515.48,73107.30,71782.00,72067.18,16113,1800,0
2026.03.05 08:00,72065.49,73581.46,71759.58,72924.96,22446,1800,0
2026.03.05 12:00,72929.16,73088.83,71164.19,71665.22,36944,1800,0
2026.03.05 16:00,71652.96,71664.23,70644.76,70894.71,28845,1800,0
2026.03.05 20:00,70903.70,71575.91,70766.91,70869.07,14858,1800,0
2026.03.06 00:00,70878.27,71424.04,70373.49,71074.38,16274,1800,0
2026.03.06 04:00,71067.34,71196.85,70127.21,71060.74,15829,1800,0
2026.03.06 08:00,71059.62,71069.37,70188.34,70214.06,15754,1800,0
2026.03.06 12:00,70214.07,70351.80,68153.24,68492.51,40395,1800,0
2026.03.06 16:00,68492.62,68788.56,67725.76,68116.64,26057,1800,0
2026.03.06 20:00,68111.23,68434.86,67744.81,68105.81,11909,1800,0
2026.03.07 00:00,68103.95,68544.71,68035.51,68080.06,8168,1800,0
2026.03.07 04:00,68086.59,68146.48,67428.65,67833.87,9963,1800,0
2026.03.07 08:00,67833.85,68238.69,67692.66,68008.66,8338,1800,0
2026.03.07 12:00,68008.72,68088.10,67599.98,67871.08,8932,1800,0
2026.03.07 16:00,67871.66,67943.13,66891.27,67074.40,10349,1800,0
2026.03.07 20:00,67073.78,67475.74,67059.50,67262.71,8808,1800,0
2026.03.08 00:00,67261.16,67484.86,66789.01,66997.69,9790,1800,0
2026.03.08 04:00,66990.94,67454.10,66537.10,67297.99,10210,1800,0
2026.03.08 08:00,67297.46,68188.50,67143.19,67508.44,12017,1800,0
2026.03.08 12:00,67501.31,67636.50,66781.50,67199.40,15904,1800,0
2026.03.08 16:00,67197.57,67472.54,66736.93,67318.21,11739,1800,0
2026.03.08 20:00,67317.49,67518.79,65608.56,65968.73,22162,1800,0
2026.03.09 00:00,65968.96,67666.83,65801.73,67187.34,28405,1800,0
2026.03.09 04:00,67190.47,68054.11,66858.36,67527.36,19372,1800,0
2026.03.09 08:00,67530.17,68457.74,67320.31,67740.03,19983,1800,0
2026.03.09 12:00,67741.35,69500.68,67731.71,68879.79,32226,1800,0
2026.03.09 16:00,68886.70,69538.89,68232.76,68999.90,25154,1800,0
2026.03.09 20:00,69012.37,69157.90,68374.66,68427.30,12588,1800,0
2026.03.10 00:00,68427.14,70585.67,68379.63,69428.80,20708,1800,0
2026.03.10 04:00,69428.75,70533.85,69428.75,70404.08,16134,1800,0
2026.03.10 08:00,70411.45,71298.81,70358.19,70600.11,17538,1800,0
2026.03.10 12:00,70600.29,71785.65,69224.11,71343.27,36996,1800,0
2026.03.10 16:00,71345.68,71735.79,69721.49,70046.23,32543,1800,0
2026.03.10 20:00,70043.04,70428.00,69433.65,69947.22,12380,1800,0
2026.03.11 00:00,69951.25,70179.08,69491.65,69550.50,13580,1800,0
2026.03.11 04:00,69552.43,70285.35,69380.62,69653.38,12702,1800,0
2026.03.11 08:00,69653.89,69786.69,69124.28,69181.58,12783,1800,0
2026.03.11 12:00,69172.97,71093.16,68963.06,70242.99,38106,1800,0
2026.03.11 16:00,70242.93,71333.37,70162.81,70652.16,25051,1800,0
2026.03.11 20:00,70650.64,70970.41,70121.11,70199.78,11209,1800,0
2026.03.12 00:00,70201.33,70353.48,69217.33,69440.71,14137,1800,0
2026.03.12 04:00,69440.52,69855.60,69194.56,69816.27,10214,1800,0
2026.03.12 08:00,69817.02,70810.86,69572.19,70429.99,14014,1800,0
2026.03.12 12:00,70439.31,70684.33,69348.69,70327.40,31202,1800,0
2026.03.12 16:00,70328.20,70583.79,69764.85,70447.23,23236,1800,0
2026.03.12 20:00,70441.75,70753.41,70003.34,70520.72,10991,1800,0
2026.03.13 00:00,70517.31,72007.40,70386.36,71393.82,22139,1800,0
2026.03.13 04:00,71393.89,71685.09,71175.86,71629.80,11712,1800,0
2026.03.13 08:00,71627.79,72601.97,71380.09,72238.32,15189,1800,0
2026.03.13 12:00,72234.44,73936.80,71740.59,71841.17,34893,1800,0
2026.03.13 16:00,71842.58,72262.04,70841.32,71189.10,23780,1800,0
2026.03.13 20:00,71191.71,71492.98,70547.22,70933.96,10808,1800,0
2026.03.14 00:00,70935.35,71180.23,70469.73,71076.37,9074,1800,0
2026.03.14 04:00,71075.93,71313.36,70305.12,70607.33,9238,1800,0
2026.03.14 08:00,70608.82,70788.45,70383.83,70744.70,7047,1800,0
2026.03.14 12:00,70746.59,70952.24,70489.02,70592.00,7243,1800,0
2026.03.14 16:00,70591.68,70746.65,70489.11,70701.60,5336,1800,0
2026.03.14 20:00,70701.79,71265.18,70646.10,71215.89,7064,1800,0
2026.03.15 00:00,71219.65,71641.67,70859.85,71361.53,9673,1800,0
2026.03.15 04:00,71358.83,71792.94,71316.37,71457.14,7469,1800,0
2026.03.15 08:00,71457.47,71937.78,71457.47,71841.39,7639,1800,0
2026.03.15 12:00,71843.07,71848.74,71265.08,71480.86,9076,1800,0
2026.03.15 16:00,71479.94,71999.42,71302.28,71554.67,8334,1800,0
2026.03.15 20:00,71554.29,73226.37,71433.83,72813.16,19044,1800,0
2026.03.16 00:00,72817.02,74316.02,72273.88,73571.84,18521,1800,0
2026.03.16 04:00,73573.90,74466.27,73375.52,73455.52,15979,1800,0
2026.03.16 08:00,73454.48,73850.35,72874.83,73560.37,12689,1800,0
2026.03.16 12:00,73556.18,74522.56,72981.50,73278.86,27442,1800,0
2026.03.16 16:00,73276.23,74430.91,73152.34,73963.48,19966,1800,0
2026.03.16 20:00,73955.55,74922.01,73850.26,74876.65,14617,1800,0
2026.03.17 00:00,74870.68,76011.04,74265.60,74468.11,23990,1800,0
2026.03.17 04:00,74468.22,74684.47,73770.76,74257.25,14002,1800,0
2026.03.17 08:00,74257.18,74460.58,73556.09,74025.56,12390,1800,0
2026.03.17 12:00,74034.01,74912.46,73389.25,73934.57,23746,1800,0
2026.03.17 16:00,73935.06,74825.92,73873.37,74522.02,15161,1800,0
2026.03.17 20:00,74523.04,74813.09,73880.13,73933.79,9595,1800,0
2026.03.18 00:00,73929.67,74692.82,73547.43,74464.24,11842,1800,0
2026.03.18 04:00,74466.29,74511.36,73701.66,73892.85,8738,1800,0
2026.03.18 08:00,73891.39,74306.82,72803.21,72955.93,12963,1800,0
2026.03.18 12:00,72953.54,73004.25,70850.91,71470.26,28885,1800,0
2026.03.18 16:00,71469.96,72014.62,70895.72,71064.49,21369,1800,0
2026.03.18 20:00,71056.25,71436.22,70484.52,71232.12,11924,1800,0
2026.03.19 00:00,71231.72,71619.13,70889.36,71210.00,12196,1800,0
2026.03.19 04:00,71211.52,71211.52,69477.13,70184.90,16335,1800,0
2026.03.19 08:00,70185.73,70564.98,69890.47,69953.42,13782,1800,0
2026.03.19 12:00,69953.33,70164.57,68779.24,69398.93,30270,1800,0
2026.03.19 16:00,69401.96,70599.13,69098.27,70265.72,22451,1800,0
2026.03.19 20:00,70265.79,70684.44,69706.79,69911.43,10472,1800,0
2026.03.20 00:00,69910.86,70798.78,69829.49,70719.52,12154,1800,0
2026.03.20 04:00,70720.84,70968.00,70183.25,70847.41,11432,1800,0
2026.03.20 08:00,70848.79,71359.56,70197.27,70466.91,14132,1800,0
2026.03.20 12:00,70467.16,70679.37,69461.38,69837.23,28498,1400,0
2026.03.20 16:00,69838.01,70181.53,69359.65,70165.87,21848,1400,0
2026.03.20 20:00,70168.67,70911.79,69727.56,70489.31,11758,1400,0
2026.03.21 00:00,70486.48,70815.08,70417.51,70655.47,8094,1400,0
2026.03.21 04:00,70649.20,70868.47,70600.77,70706.80,7049,1400,0
2026.03.21 08:00,70706.74,70748.10,70479.28,70634.44,6466,1400,0
2026.03.21 12:00,70635.12,71091.93,70435.38,70612.42,8116,1400,0
2026.03.21 16:00,70610.89,70638.28,70172.09,70373.26,6623,1400,0
2026.03.21 20:00,70373.24,70500.08,68542.86,68905.48,11080,1400,0
2026.03.22 00:00,68918.33,69577.64,68222.76,69322.15,20418,1400,0
2026.03.22 04:00,69323.64,69517.88,68872.13,68909.70,8846,1400,0
2026.03.22 08:00,68909.57,68974.44,68066.01,68206.36,12204,1400,0
2026.03.22 12:00,68207.98,69021.47,68175.96,68836.67,11527,1400,0
2026.03.22 16:00,68838.08,68877.95,68130.75,68192.86,9525,1400,0
2026.03.22 20:00,68196.04,68493.98,67325.34,67843.28,18531,1400,0
2026.03.23 00:00,67842.25,68570.95,67419.00,68058.02,20288,1400,0
2026.03.23 04:00,68057.80,68887.64,67476.33,68293.25,19518,1400,0
2026.03.23 08:00,68295.31,71483.25,67890.44,70103.53,40784,1400,0
2026.03.23 12:00,70105.67,71813.16,69643.85,70123.00,45943,1400,0
2026.03.23 16:00,70122.88,71234.67,70105.60,70649.55,26593,1400,0
2026.03.23 20:00,70649.35,70986.32,70369.01,70868.27,11550,1400,0
2026.03.24 00:00,70872.53,71075.74,70251.68,70520.66,16553,1400,0
2026.03.24 04:00,70518.04,71389.69,70092.30,71275.55,14400,1400,0
2026.03.24 08:00,71268.42,71351.90,70822.08,71135.18,13758,1400,0
2026.03.24 12:00,71137.25,71164.65,69472.66,69835.93,31641,1400,0
2026.03.24 16:00,69833.70,69982.75,68879.27,69334.45,21801,1400,0
2026.03.24 20:00,69326.39,70804.32,69243.86,70520.38,16471,1400,0
2026.03.25 00:00,70528.29,71022.52,70366.73,70688.23,13094,1400,0
2026.03.25 04:00,70685.23,71318.60,70650.81,70910.04,10133,1400,0
2026.03.25 08:00,70911.15,72038.45,70762.33,71672.26,13330,1400,0
2026.03.25 12:00,71673.12,71948.52,70547.20,70811.59,25825,1400,0
2026.03.25 16:00,70799.88,71736.56,70645.87,70854.84,17117,1400,0
2026.03.25 20:00,70860.05,71572.58,70601.06,71306.53,9943,1400,0
2026.03.26 00:00,71296.90,71405.06,70643.42,70862.68,11032,1400,0
2026.03.26 04:00,70876.94,70879.85,69747.52,70059.29,12712,1400,0
2026.03.26 08:00,70057.42,70126.28,69138.87,69240.56,14272,1400,0
2026.03.26 12:00,69239.53,69864.50,68573.67,69039.78,22108,1400,0
2026.03.26 16:00,69037.42,69115.55,68098.24,68478.25,15993,1400,0
2026.03.26 20:00,68480.67,69435.46,68372.95,68769.15,15140,1400,0
2026.03.27 00:00,68769.61,69130.65,68463.50,68717.88,10495,1400,0
2026.03.27 04:00,68718.20,68912.22,68248.74,68479.55,10739,1400,0
2026.03.27 08:00,68484.68,68590.91,66188.32,66666.13,20895,1400,0
2026.03.27 12:00,66668.65,66744.82,65673.34,66075.08,23463,1400,0
2026.03.27 16:00,66074.66,66247.51,65481.96,65982.03,18844,1400,0
2026.03.27 20:00,65979.57,66371.61,65745.84,66352.33,7952,1400,0
2026.03.28 00:00,66346.95,66465.45,65868.06,66174.70,7792,1400,0
2026.03.28 04:00,66178.97,66522.16,66051.60,66500.18,6152,1400,0
2026.03.28 08:00,66499.78,66520.50,66068.98,66270.69,5696,1400,0
2026.03.28 12:00,66271.53,67258.79,66175.79,66959.39,11197,1400,0
2026.03.28 16:00,66959.39,67047.53,66627.46,66857.55,7240,1400,0
2026.03.28 20:00,66857.49,66963.42,66216.30,66318.23,7716,1400,0
2026.03.29 00:00,66317.29,67071.78,66216.88,66848.88,8487,1400,0
2026.03.29 04:00,66851.42,66881.24,66492.91,66604.44,7024,1400,0
2026.03.29 08:00,66602.39,66961.09,66342.86,66756.00,7947,1400,0
2026.03.29 12:00,66752.62,66816.53,66258.74,66467.38,10206,1400,0
2026.03.29 16:00,66469.12,66602.87,66088.40,66288.81,8349,1400,0
2026.03.29 20:00,66291.89,66742.36,64928.24,65960.49,19393,1400,0
2026.03.30 00:00,65962.59,67434.30,65728.18,67103.35,26425,1400,0
2026.03.30 04:00,67103.32,67752.48,67089.58,67560.50,14592,1400,0
2026.03.30 08:00,67553.99,67950.45,67297.34,67621.35,12129,1400,0
2026.03.30 12:00,67622.36,68126.43,67028.61,67575.07,21435,1400,0
2026.03.30 16:00,67572.46,67597.20,66166.73,66482.76,16927,1400,0
2026.03.30 20:00,66480.31,66947.67,66351.19,66734.91,10113,1400,0
